key,ion,wave_vac,Ei,Ek,Aki,fik,gigk,configuration,terms,Ji-Jk,type,wave_air,classification,gf,multiplet,line_ratio,multiplet_term,references,note
NeVIII-770,Ne VIII,770.429,0.0,16.09288,574000000.0,0.1022,2-4,1s22s-1s22p,2S-2P*,1/2-3/2,E1,770.4291,permitted,0.2044,1,1.0,2S,NIST,--
NeVIII-780,Ne VIII,780.339,0.0,15.8885,552000000.0,0.0504,2-2,1s22s-1s22p,2S-2P*,1/2-1/2,E1,780.339,permitted,0.1008,1,1.0,2S,NIST,--
Ly20,H I,914.039,0.0,13.56443886,3927.6,0.00019677,2-800,1s-20,,,E1,914.038537,permitted,0.00039354,0,1.0,1s-20,NIST,--
Ly19,H I,914.286,0.0,13.56076619,5076.7,0.00022967,2-722,1s-19,,,E1,914.286086,permitted,0.00045934,0,1.0,1s-19,NIST,--
Ly18,H I,914.576,0.0,13.55646454,6654.0,0.00027035,2-648,1s-18,,,E1,914.576201,permitted,0.0005407,0,1.0,1s-18,NIST,--
Ly17,H I,914.919,0.0,13.55138166,8857.4,0.00032124,2-578,1s-17,,,E1,914.919242,permitted,0.00064248,0,1.0,1s-17,NIST,--
Ly16,H I,915.329,0.0,13.54531624,11997.0,0.00038577,2-512,1s-16,,,E1,915.328932,permitted,0.00077154,0,1.0,1s-16,NIST,--
Ly15,H I,915.824,0.0,13.53799772,16572.0,0.00046886,2-450,1s-15,,,E1,915.823751,permitted,0.00093772,0,1.0,1s-15,NIST,--
Ly14,H I,916.429,0.0,13.52905552,23409.0,0.00057769,2-392,1s-14,,,E1,916.429076,permitted,0.00115538,0,1.0,1s-14,NIST,--
Ly13,H I,917.181,0.0,13.51797128,33927.0,0.0007231,2-338,1s-13,,,E1,917.180514,permitted,0.0014462,0,1.0,1s-13,NIST,--
Ly12,H I,918.129,0.0,13.50400193,50659.0,0.0009219,2-288,1s-12,,,E1,918.1293,permitted,0.0018438,0,1.0,1s-12,NIST,--
Ly11,H I,919.351,0.0,13.48605194,78340.0,0.0012011,2-242,1s-11,,,E1,919.351334,permitted,0.0024022,0,1.0,1s-11,NIST,--
Ly10,H I,920.963,0.0,13.46245155,126310.0,0.0016062,2-200,1s-10,,,E1,920.963006,permitted,0.0032124,0,1.0,1s-10,NIST,--
Ly9,H I,923.15,0.0,13.43055424,214250.0,0.0022172,2-162,1s-9,,,E1,923.150275,permitted,0.0044344,0,1.0,1s-9,NIST,--
Ly8,H I,926.226,0.0,13.38596103,386940.0,0.003185,2-128,1s-8,,,E1,926.225605,permitted,0.00637,0,1.0,1s-8,NIST,--
Ly7,H I,930.748,0.0,13.32091817,756840.0,0.0048164,2-98,1s-7,,,E1,930.748142,permitted,0.0096328,0,1.0,1s-7,NIST,--
LyE,H I,937.803,0.0,13.22070389,1644000.0,0.0078035,2-72,1s-6,,,E1,937.80331,permitted,0.015607,0,1.0,1s-6,NIST,--
LyD,H I,949.743,0.0,13.0545017,4125000.0,0.013945,2-50,1s-5,,,E1,949.74287,permitted,0.02789,0,1.0,1s-5,NIST,--
LyG,H I,972.536,0.0,12.7485393,12785000.0,0.029006,2-32,1s-4,,,E1,972.5365,permitted,0.058012,0,1.0,1s-4,NIST,--
CIII-977,C III,977.02,0.0,12.690036,1767000000.0,0.7586,1-3,1s22s2-1s22s2p,1S-1P*,0-1,E1,977.0201,permitted,0.7586,1,1.0,1S,NIST,--
NIII-990,N III,989.799,0.0,12.5262,418000000.0,0.123,2-4,2s22p-2s2p2,2P*-2D,1/2-3/2,E1,989.799,permitted,0.246,1,1.0,2P*,NIST,--
NIII-992,N III,991.577,0.02162,12.52537,497000000.0,0.11,4-6,2s22p-2s2p2,2P*-2D,3/2-5/2,E1,991.577,permitted,0.44,1,1.0,2P*,NIST,--
LyB,H I,1025.722,0.0,12.0875052,55751000.0,0.079142,2-18,1s-3,,,E1,1025.722,permitted,0.158284,0,1.0,1s-3,NIST,--
OVI-1032,O VI,1031.927,0.0,12.01483,416000000.0,0.133,2-4,1s22s-1s22p,2S-2P*,1/2-3/2,E1,1031.927,permitted,0.266,1,1.0,2S,NIST,--
OVI-1038,O VI,1037.615,0.0,11.94895,409000000.0,0.066,2-2,1s22s-1s22p,2S-2P*,1/2-1/2,E1,1037.6154,permitted,0.132,1,1.0,2S,NIST,--
ArI-1067,Ar I,1066.66,0.0,11.62359272,132000000.0,0.0675,1-3,3s23p6-3s23p5(2P*<3/2>)4s,1S-2[3/2]*,0-1,E1,1066.659865,permitted,0.0675,0,1.0,1S,NIST,--
LyA,H I,1215.67,0.0,10.1988358,469860000.0,0.41641,2-8,1s-2,,,E1,1215.6701,permitted,0.83282,0,1.0,1s-2,NIST,--
NV-1239,N V,1238.804,0.0,10.00838,340000000.0,0.156,2-4,1s22s-1s22p,2S-2P*,1/2-3/2,E1,1238.804,permitted,0.312,1,1.0,2S,NIST,--
NV-1243,N V,1242.795,0.0,9.97624,337000000.0,0.078,2-2,1s22s-1s22p,2S-2P*,1/2-1/2,E1,1242.795,permitted,0.156,1,1.0,2S,NIST,--
SiII-1260,Si II,1260.422,0.0,9.83672,2570000000.0,1.22,2-4,3s23p-3s23d,2P*-2D,1/2-3/2,E1,1260.4221,permitted,2.44,1,1.0,2P*,NIST,--
SiII-1265,Si II,1264.738,0.035613,9.838769,3040000000.0,1.09,4-6,3s23p-3s23d,2P*-2D,3/2-5/2,E1,1264.7377,permitted,4.36,1,1.0,2P*,NIST,--
OI-1302,O I,1302.168,0.0,9.5213638,341000000.0,0.052,5-3,2s22p4-2s22p3(4S*)3s,3P-3S*,2-1,E1,1302.16848,permitted,0.26,0,1.0,3P,NIST,--
CII-1335,C II,1334.533,0.0,9.290459,241000000.0,0.129,2-4,2s22p-2s2p2,2P*-2D,1/2-3/2,E1,1334.5326,permitted,0.258,1,1.0,2P*,NIST,--
CII-1336,C II,1335.708,0.007859989,9.2901455,288000000.0,0.115,4-6,2s22p-2s2p2,2P*-2D,3/2-5/2,E1,1335.7077,permitted,0.46,1,1.0,2P*,NIST,--
SiIV-1394,Si IV,1393.755,0.0,8.895698,880000000.0,0.513,2-4,2p63s-2p63p,2S-2P*,1/2-3/2,E1,1393.7546,permitted,1.026,1,1.0,2S,NIST,--
OIV-1397,O IV,1397.16,63.6271,72.5011,928000.0,0.000272,6-6,2s24f-2s2p(3P*)4p,2F*-2D,5/2-5/2,E1,1397.16,permitted,0.001632,0,1.0,2F*,NIST,--
SiIV-1403,Si IV,1402.77,0.0,8.838529,863000000.0,0.255,2-2,2p63s-2p63p,2S-2P*,1/2-1/2,E1,1402.7697,permitted,0.51,1,1.0,2S,NIST,--
NIV]-1486,N IV,1486.496,0.0,8.3407,595.0,5.91e-07,1-3,1s22s2-1s22s2p,1S-3P*,0-1,E1,1486.496,semi-forbidden,5.91e-07,0,1.0,1S,NIST,--
CIV-1548,C IV,1548.204,0.0,8.008258,265000000.0,0.19,2-4,1s22s-1s22p,2S-2P*,1/2-3/2,E1,1548.2043,permitted,0.38,1,1.0,2S,NIST,--
CIV-1551,C IV,1550.784,0.0,7.994939,264000000.0,0.0952,2-2,1s22s-1s22p,2S-2P*,1/2-1/2,E1,1550.784,permitted,0.1904,1,1.0,2S,NIST,--
HeII-1640,He II,1640.474,40.81375709639,48.371583992058,1035100000.0,0.62642,4-6,2p-3d,2P*-2D,3/2-5/2,E1,1640.47417525,permitted,2.50568,0,1.0,2P*,NIST,--
OIII]-1661,O III,1660.809,0.0140323,7.479321,220.0,1.52e-07,3-5,2s22p2-2s2p3,3P-5S*,1-2,E1,1660.809,semi-forbidden,4.560000000000001e-07,1,1.0,3P,NIST,--
OIII]-1666,O III,1666.15,0.0379607,7.479321,548.0,2.28e-07,5-5,2s22p2-2s2p3,3P-5S*,2-2,E1,1666.15,semi-forbidden,1.14e-06,1,1.0,3P,NIST,--
NIII]-1747,N III,1746.823,0.0,7.0977,9.49,8.68e-09,2-4,2s22p-2s2p2,2P*-4P,1/2-3/2,E1,1746.823,semi-forbidden,1.736e-08,1,1.0,2P*,NIST,--
NIII]-1749,N III,1748.646,0.0,7.0903,497.0,2.28e-07,2-2,2s22p-2s2p2,2P*-4P,1/2-1/2,E1,1748.646,semi-forbidden,4.56e-07,1,1.0,2P*,NIST,--
AlIII-1855,Al III,1854.716,0.0,6.684806,544000000.0,0.561,2-4,2p63s-2p63p,2S-2P*,1/2-3/2,E1,1854.716,permitted,1.122,1,1.0,2S,NIST,--
AlIII-1863,Al III,1862.79,0.0,6.655835,536000000.0,0.279,2-2,2p63s-2p63p,2S-2P*,1/2-1/2,E1,1862.79,permitted,0.558,1,1.0,2S,NIST,--
CIII]-1909,C III,1908.734,0.0,6.495625,114.0,1.87e-07,1-3,1s22s2-1s22s2p,1S-3P*,0-1,E1,1908.734,semi-forbidden,1.87e-07,1,1.0,1S,NIST,--
NII]-2143,N II,2143.45,0.01622,5.80055,127.0,8.72e-08,5-5,2s22p2-2s2p3,3P-5S*,2-2,E1,2142.7748728927063,semi-forbidden,4.36e-07,0,1.0,3P,NIST,--
[OIII]-2322,[O III],2321.664,0.0140323,5.354349,0.215,5.79e-11,3-1,2s22p2-2s22p2,3P-1S,1-0,M1,2320.951033392114,forbidden,1.737e-10,0,1.0,3P-1S,NIST,--
CII]-2324,C II,2324.236,0.0,5.33441,1.4,2.27e-09,2-4,2s22p-2s2p2,2P*-4P,1/2-3/2,E1,2323.5224649013817,semi-forbidden,4.54e-09,1,1.0,2P*,NIST,--
CII]-2325,C II,2325.43,0.0,5.33167,59.9,4.86e-08,2-2,2s22p-2s2p2,2P*-4P,1/2-1/2,E1,2324.71620081152,semi-forbidden,9.72e-08,1,1.0,2P*,NIST,--
[NeIV]-2423,[Ne IV],2422.546,0.0,5.11793,0.0052,4.6e-12,4-4,2s22p3-2s22p3,4S*-2D*,3/2-3/2,M1,2421.810371795551,forbidden,1.84e-11,1,1.0,4S*-2D*,NIST,--
[NeIV]-2425,[Ne IV],2425.158,0.0,5.11242,0.00058,7.7e-13,4-6,2s22p3-2s22p3,4S*-2D*,3/2-5/2,M1+E2,2424.4217759588228,forbidden,3.08e-12,1,1.0,4S*-2D*,NIST,--
[FeXI]-2649,[Fe XI],2649.46,0.0,4.67961,92.3,9.71e-08,5-5,3s23p4-3s23p4,3P-1D,2-2,M1,2648.671275549882,forbidden,4.855e-07,0,1.0,3P-1D,NIST,--
HeII-2734,He II,2734.158,48.371583992058,52.9062223646,34360000.0,0.051345,6-8,3d-6f,2D-2F*,5/2-7/2,E1,2733.349351442155,permitted,0.30807,1,1.0,2D,NIST,--
[MgV]-2784,[Mg V],2783.5,0.0,4.4543,1.87,2.17e-09,5-5,2s22p4-2s22p4,3P-1D,2-2,M1,2782.6789151387184,forbidden,1.085e-08,1,1.0,3P-1D,NIST,--
MgII-2796,Mg II,2796.352,0.0,4.433784,260000000.0,0.608,2-4,2p63s-2p63p,2S-2P*,1/2-3/2,E1,2795.527781929572,permitted,1.216,1,1.0,2S,NIST,--
MgII-2804,Mg II,2803.531,0.0,4.422431,257000000.0,0.303,2-2,2p63s-2p63p,2S-2P*,1/2-1/2,E1,2802.70502963345,permitted,0.606,1,1.0,2S,NIST,--
[FeIV]-2830,[Fe IV],2830.19,0.0,4.38077,0.88,7e-10,6-4,3d5-3d5,6S-4P,5/2-3/2,M1,2829.3575095994834,forbidden,4.1999999999999996e-09,1,1.0,6S-4P,NIST,--
[FeIV]-2837,[Fe IV],2836.57,0.0,4.37091,1.4,1.7e-09,6-6,3d5-3d5,6S-4P,5/2-5/2,M1,2835.735946276867,forbidden,1.02e-08,1,1.0,6S-4P,NIST,--
[ArIV]-2854,[Ar IV],2854.5,0.0,4.343464,2.55,3.11e-09,4-4,3s23p3-3s23p3,4S*-2P*,3/2-3/2,M1,2853.661546857641,forbidden,1.244e-08,2,1.0,4S*-2P*,NIST,--
[ArIV]-2869,[Ar IV],2869.06,0.0,4.32142,0.97,6e-10,4-2,3s23p3-3s23p3,4S*-2P*,3/2-1/2,M1,2868.2179680069517,forbidden,2.4e-09,2,1.0,4S*-2P*,NIST,--
[MgV]-2929,[Mg V],2928.9,0.22108,4.4543,0.536,1.15e-09,3-5,2s22p4-2s22p4,3P-1D,1-2,M1,2928.0432027186084,forbidden,3.45e-09,1,1.0,3P-1D,NIST,--
HeI-2946,He I,2945.965,19.819614525,24.028225064,3200600.0,0.0069405,3-5,1s2s-1s5p,3S-3P*,1-2,E1,2945.1040943597377,permitted,0.0208215,4,1.0,3S,NIST,--
[FeII]-3004,[Fe II],3004.047,0.35186476,4.47910423,0.0115,1.04e-11,6-4,3d7-3d6(3D)4s,a4F-b2D,5/2-3/2,M1+E2,3003.1711711519856,forbidden,6.24e-11,40,0.676649241245813,a4F-b2D,NIST,--
[FeII]-3029,[Fe II],3029.484,0.38651921,4.47910423,0.014,1.9e-11,4-4,3d7-3d6(3D)4s,a4F-b2D,3/2-3/2,M1+E2,3028.6019564372996,forbidden,7.6e-11,40,1.0,a4F-b2D,NIST,--
OIII-3134,O III,3133.702,36.892572,40.849049,137000000.0,0.336,3-5,2s22p(2P*)3p-2s22p(2P*)3d,3S-3P*,1-2,E1,3132.7940686504876,permitted,1.008,0,1.0,3S,NIST,--
[FeII]-3176,[Fe II],3176.297,0.0,3.90341906,0.232,2.81e-10,10-8,3d6(5D)4s-3d6(3D)4s,a6D-b4D,9/2-7/2,M1,3175.378743089073,forbidden,2.81e-09,17,1.0,a6D-b4D,NIST,--
HeI-3189,He I,3188.667,19.819614525,23.7078912279,5636100.0,0.014319,3-5,1s2s-1s4p,3S-3P*,1-2,E1,3187.7452702573264,permitted,0.042957,4,1.0,3S,NIST,--
HeII-3204,He II,3204.091,48.371583992058,52.2411437612,72724000.0,0.14924,6-8,3d-5f,2D-2F*,5/2-7/2,E1,3203.1648500283713,permitted,0.89544,1,1.0,2D,NIST,--
[FeII]-3216,[Fe II],3215.598,0.04770753,3.90341906,0.079,1.23e-10,8-8,3d6(5D)4s-3d6(3D)4s,a6D-b4D,7/2-7/2,M1,3214.6698109863128,forbidden,9.84e-10,17,0.31664285873387044,a6D-b4D,NIST,--
[FeII]-3225,[Fe II],3225.474,0.04770753,3.89161339,0.035,4.1e-11,8-6,3d6(5D)4s-3d6(3D)4s,a6D-b4D,7/2-5/2,M1,3224.5432712544684,forbidden,3.28e-10,17,0.10370551530795188,a6D-b4D,NIST,--
[FeII]-3245,[Fe II],3245.119,0.08278213,3.90341906,0.032,6.8e-11,6-8,3d6(5D)4s-3d6(3D)4s,a6D-b4D,5/2-7/2,M1,3244.182494547091,forbidden,4.08e-10,17,0.13081057379634842,a6D-b4D,NIST,--
[FeII]-3255,[Fe II],3255.177,0.08278213,3.89161339,0.131,2.08e-10,6-6,3d6(5D)4s-3d6(3D)4s,a6D-b4D,5/2-5/2,M1,3254.238354042128,forbidden,1.248e-09,17,0.3704486371641169,a6D-b4D,NIST,--
[FeII]-3276,[Fe II],3275.964,0.10695023,3.89161339,0.062,1.49e-10,4-6,3d6(5D)4s-3d6(3D)4s,a6D-b4D,3/2-5/2,M1,3275.019988320317,forbidden,5.96e-10,17,0.17604688706214658,a6D-b4D,NIST,--
[FeII]-3278,[Fe II],3278.061,0.10695023,3.8891925,0.054,4.3e-11,4-2,3d6(5D)4s-3d6(3D)4s,a6D-b4D,3/2-1/2,M1,3277.1162957878473,forbidden,1.72e-10,17,0.02861313744499488,a6D-b4D,NIST,--
[FeII]-3278,[Fe II],3278.49,0.10695023,3.88869686,0.172,2.8e-10,4-4,3d6(5D)4s-3d6(3D)4s,a6D-b4D,3/2-3/2,M1,3277.545806669731,forbidden,1.12e-09,17,0.2389007948488956,a6D-b4D,NIST,--
[FeII]-3290,[Fe II],3290.404,0.12113874,3.8891925,0.279,4.54e-10,2-2,3d6(5D)4s-3d6(3D)4s,a6D-b4D,1/2-1/2,M1,3289.456609637605,forbidden,9.08e-10,17,0.14848229784684389,a6D-b4D,NIST,--
[FeII]-3291,[Fe II],3290.837,0.12113874,3.88869686,0.068,2.2e-10,2-4,3d6(5D)4s-3d6(3D)4s,a6D-b4D,1/2-3/2,M1,3289.889359619155,forbidden,4.4e-10,17,0.09520179103188083,a6D-b4D,NIST,--
OIII-3313,O III,3313.282,33.150537,36.892572,46000000.0,0.0757,3-3,2s22p(2P*)3s-2s22p(2P*)3p,3P*-3S,1-1,E1,3312.3286112090796,permitted,0.2271,0,1.0,3P*,NIST,--
[FeII]-3319,[Fe II],3319.342,0.23217279,3.96737644,0.047,6.2e-11,10-8,3d7-3d7,a4F-b2F,9/2-7/2,M1,3318.3874586591064,forbidden,6.2e-10,60,1.0,a4F-b2F,NIST,--
[NeV]-3347,[Ne V],3346.783,0.0509856,3.755564,0.138,3.86e-10,3-5,2s22p2-2s22p2,3P-1D,1-2,M1,3345.82107788454,forbidden,1.158e-09,1,1.0,3P-1D,NIST,--
[FeII]-3377,[Fe II],3377.169,0.23217279,3.90341906,0.969,1.33e-09,10-8,3d7-3d6(3D)4s,a4F-b4D,9/2-7/2,E2,3376.1995249178167,forbidden,1.33e-08,41,1.0,a4F-b4D,NIST,--
[FeII]-3388,[Fe II],3388.064,0.23217279,3.89161339,0.225,2.32e-10,10-6,3d7-3d6(3D)4s,a4F-b4D,9/2-5/2,E2,3387.091782143185,forbidden,2.32e-09,41,0.204418417126087,a4F-b4D,NIST,--
[NeV]-3427,[Ne V],3426.864,0.1375564,3.755564,0.382,6.73e-10,5-5,2s22p2-2s22p2,3P-1D,2-2,M1,3425.881619866329,forbidden,3.365e-09,1,1.0,3P-1D,NIST,--
[FeII]-3429,[Fe II],3429.23,0.35186476,3.96737644,0.0192,4.5e-11,6-8,3d7-3d7,a4F-b2F,5/2-7/2,M1,3428.2466642955073,forbidden,2.7e-10,60,0.4203563496885232,a4F-b2F,NIST,--
[FeII]-3442,[Fe II],3441.978,0.30129858,3.90341906,0.232,4.12e-10,8-8,3d7-3d6(3D)4s,a4F-b4D,7/2-7/2,E2,3440.991859714718,forbidden,3.296e-09,41,1.1902155528422422e-08,a4F-b4D,NIST,--
OIII-3445,O III,3445.039,37.250129,40.849049,42100000.0,0.0749,5-5,2s22p(2P*)3p-2s22p(2P*)3d,3P-3P*,2-2,E1,3444.0519656018096,permitted,0.3744999999999999,0,1.0,3P,NIST,--
HeI-3449,He I,3448.577,20.615774823,24.21100267716,2269100.0,0.012137,1-3,1s2s-1s6p,1S-1P*,0-1,E1,3447.588990945041,permitted,0.012137,3,1.0,1S,NIST,--
[FeII]-3451,[Fe II],3451.39,0.35186476,3.9441623,0.0102,1.8e-11,6-6,3d7-3d7,a4F-b2F,5/2-5/2,M1,3450.401438274383,forbidden,1.0799999999999999e-10,60,0.0653353968274193,a4F-b2F,NIST,--
[FeII]-3453,[Fe II],3453.296,0.30129858,3.89161339,0.389,5.22e-10,8-6,3d7-3d6(3D)4s,a4F-b4D,7/2-5/2,E2,3452.306859834136,forbidden,4.176e-09,41,4.274499056753407e-09,a4F-b4D,NIST,--
[FeII]-3456,[Fe II],3456.104,0.30129858,3.88869686,0.401,3.59e-10,8-4,3d7-3d6(3D)4s,a4F-b4D,7/2-3/2,E2,3455.1136502566437,forbidden,2.872e-09,41,0.17473344250173428,a4F-b4D,NIST,--
[NI]-3467,[N I],3467.49,0.0,3.5756182,0.0065,1.2e-11,4-4,2s22p3-2s22p3,4S*-2P*,3/2-3/2,M1,3466.497010952376,forbidden,4.8e-11,0,1.0,4S*-2P*,NIST,--
[FeII]-3485,[Fe II],3485.01,0.38651921,3.9441623,0.052,1.42e-10,4-6,3d7-3d7,a4F-b2F,3/2-5/2,M1,3484.0122161747586,forbidden,5.68e-10,60,0.35203840097323763,a4F-b2F,NIST,--
[FeII]-3491,[Fe II],3490.984,0.35186476,3.90341906,0.0409,1e-10,6-8,3d7-3d6(3D)4s,a4F-b4D,5/2-7/2,E2,3489.985362533184,forbidden,6e-10,41,0.04890533252258295,a4F-b4D,NIST,--
[FeII]-3503,[Fe II],3502.627,0.35186476,3.89161339,0.371,6.82e-10,6-6,3d7-3d6(3D)4s,a4F-b4D,5/2-5/2,E2,3501.625392725467,forbidden,4.092e-09,41,0.3167069087876836,a4F-b4D,NIST,--
[FeII]-3505,[Fe II],3505.024,0.35186476,3.8891925,0.683,4.2e-10,6-2,3d7-3d6(3D)4s,a4F-b4D,5/2-1/2,E2,3504.021876986121,forbidden,2.52e-09,41,0.11059268117332173,a4F-b4D,NIST,--
[FeII]-3506,[Fe II],3505.516,0.35186476,3.88869686,0.214,2.63e-10,6-4,3d7-3d6(3D)4s,a4F-b4D,5/2-3/2,E2,3504.5129807967214,forbidden,1.578e-09,41,0.09193280774062416,a4F-b4D,NIST,--
[FeII]-3534,[Fe II],3533.867,0.9863338,4.49479059,0.19,2.6e-10,8-6,3d6(5D)4s-3d6(3D)4s,a4D-b2D,7/2-5/2,M1,3532.857163234371,forbidden,2.08e-09,15,1.0,a4D-b2D,NIST,--
[FeII]-3537,[Fe II],3537.257,0.38651921,3.89161339,0.0728,2.05e-10,4-6,3d7-3d6(3D)4s,a4F-b4D,3/2-5/2,E2,3536.246551203817,forbidden,8.2e-10,41,0.060647148167915166,a4F-b4D,NIST,--
[FeII]-3540,[Fe II],3539.702,0.38651921,3.8891925,0.513,4.82e-10,4-2,3d7-3d6(3D)4s,a4F-b4D,3/2-1/2,E2,3538.690762274101,forbidden,1.928e-09,41,0.08181305059372489,a4F-b4D,NIST,--
[FeII]-3540,[Fe II],3540.203,0.38651921,3.88869686,0.425,7.99e-10,4-4,3d7-3d6(3D)4s,a4F-b4D,3/2-3/2,E2,3539.1915434081893,forbidden,3.196e-09,41,0.17632331154546696,a4F-b4D,NIST,--
HeI-3588,He I,3588.286,20.96408688908,24.419335565023,1810700.0,0.0048933,5-7,1s2p-1s9d,3P*-3D,2-3,E1,3587.2619754501256,permitted,0.0244665,2,1.0,3P*,NIST,--
[FeII]-3589,[Fe II],3589.25,1.04046986,4.49479059,0.051,9.9e-11,6-6,3d6(5D)4s-3d6(3D)4s,a4D-b2D,5/2-5/2,M1,3588.225702663207,forbidden,5.94e-10,15,0.27220460171901917,a4D-b2D,NIST,--
[FeII]-3606,[Fe II],3605.623,1.04046986,4.47910423,0.015,1.9e-11,6-4,3d6(5D)4s-3d6(3D)4s,a4D-b2D,5/2-3/2,M1,3604.594880609451,forbidden,1.14e-10,15,0.03951486893988088,a4D-b2D,NIST,--
HeI-3615,He I,3614.673,20.615774823,24.04580040653,3802200.0,0.022343,1-3,1s2s-1s5p,1S-1P*,0-1,E1,3613.6420474496176,permitted,0.022343,3,1.0,1S,NIST,--
[FeII]-3627,[Fe II],3626.807,1.07624119,4.49479059,0.067,2e-10,4-6,3d6(5D)4s-3d6(3D)4s,a4D-b2D,3/2-5/2,M1,3625.7735141045378,forbidden,8e-10,15,0.3576526080424826,a4D-b2D,NIST,--
HeI-3635,He I,3635.267,20.96408688908,24.374680880069,2606300.0,0.0072291,5-7,1s2p-1s8d,3P*-3D,2-3,E1,3634.231046767206,permitted,0.0361455,2,1.0,3P*,NIST,--
[FeII]-3644,[Fe II],3643.526,1.07624119,4.47910423,0.074,1.5e-10,4-4,3d6(5D)4s-3d6(3D)4s,a4D-b2D,3/2-3/2,M1,3642.4878967907266,forbidden,6e-10,15,0.1942970301415959,a4D-b2D,NIST,--
H40,H I,3656.165,10.1988358,13.58993566,67.464,5.4079e-05,8-3200,2-40,,,E1,3655.1233312865097,permitted,0.000432632,0,1.0,2-40,NIST,--
H39,H I,3656.641,10.1988358,13.58949423,76.576,5.8368e-05,8-3042,2-39,,,E1,3655.5992082711346,permitted,0.000466944,0,1.0,2-39,NIST,--
H38,H I,3657.155,10.1988358,13.5890175,87.206,6.3123e-05,8-2888,2-38,,,E1,3656.113275381113,permitted,0.000504984,0,1.0,2-38,NIST,--
H37,H I,3657.712,10.1988358,13.58850159,99.657,6.841e-05,8-2738,2-37,,,E1,3656.6698315045614,permitted,0.00054728,0,1.0,2-37,NIST,--
H36,H I,3658.315,10.1988358,13.58794208,114.3,7.4305e-05,8-2592,2-36,,,E1,3657.273475451927,permitted,0.00059444,0,1.0,2-36,NIST,--
H35,H I,3658.972,10.1988358,13.58733395,131.61,8.0898e-05,8-2450,2-35,,,E1,3657.929905749184,permitted,0.000647184,0,1.0,2-35,NIST,--
H34,H I,3659.688,10.1988358,13.58667137,152.16,8.8297e-05,8-2312,2-34,,,E1,3658.6453207928657,permitted,0.000706376,0,1.0,2-34,NIST,--
H33,H I,3660.47,10.1988358,13.58594765,176.69,9.6627e-05,8-2178,2-33,,,E1,3659.4270186949175,permitted,0.000773016,0,1.0,2-33,NIST,--
H32,H I,3661.326,10.1988358,13.58515502,206.12,0.00010604,8-2048,2-32,,,E1,3660.283597230939,permitted,0.00084832,0,1.0,2-32,NIST,--
H31,H I,3662.268,10.1988358,13.58428445,241.62,0.00011672,8-1922,2-31,,,E1,3661.2248538659146,permitted,0.00093376,0,1.0,2-31,NIST,--
H30,H I,3663.306,10.1988358,13.58332538,284.74,0.00012889,8-1800,2-30,,,E1,3662.262385598998,permitted,0.00103112,0,1.0,2-30,NIST,--
H29,H I,3664.453,10.1988358,13.58226541,337.42,0.00014281,8-1682,2-29,,,E1,3663.409788911633,permitted,0.00114248,0,1.0,2-29,NIST,--
H28,H I,3665.727,10.1988358,13.58108984,402.24,0.00015882,8-1568,2-28,,,E1,3664.683059663915,permitted,0.00127056,0,1.0,2-28,NIST,--
[FeII]-3666,[Fe II],3665.739,1.09686139,4.47910423,0.146,5.9e-10,2-4,3d6(5D)4s-3d6(3D)4s,a4D-b2D,1/2-3/2,M1,3664.6952565099295,forbidden,1.18e-09,15,0.385632017505556,a4D-b2D,NIST,--
H27,H I,3667.146,10.1988358,13.57978125,482.61,0.00017732,8-1458,2-27,,,E1,3666.1015928357538,permitted,0.00141856,0,1.0,2-27,NIST,--
H26,H I,3668.733,10.1988358,13.57831878,583.04,0.00019882,8-1352,2-26,,,E1,3667.6880825522817,permitted,0.00159056,0,1.0,2-26,NIST,--
H25,H I,3670.516,10.1988358,13.57667733,709.63,0.00022395,8-1250,2-25,,,E1,3669.470421592028,permitted,0.0017916,0,1.0,2-25,NIST,--
H24,H I,3672.528,10.1988358,13.57482645,870.69,0.00025352,8-1152,2-24,,,E1,3671.482301230921,permitted,0.00202816,0,1.0,2-24,NIST,--
H23,H I,3674.811,10.1988358,13.57272894,1077.7,0.00028854,8-1058,2-23,,,E1,3673.764810827375,permitted,0.00230832,0,1.0,2-23,NIST,--
H22,H I,3677.416,10.1988358,13.57033894,1346.7,0.00033036,8-968,2-22,,,E1,3676.369137122359,permitted,0.00264288,0,1.0,2-22,NIST,--
H21,H I,3680.406,10.1988358,13.56759946,1700.5,0.0003807,8-882,2-21,,,E1,3679.358863642035,permitted,0.0030456,0,1.0,2-21,NIST,--
H20,H I,3683.863,10.1988358,13.56443886,2171.9,0.00044187,8-800,2-20,,,E1,3682.814169607739,permitted,0.00353496,0,1.0,2-20,NIST,--
H19,H I,3687.887,10.1988358,13.56076619,2809.3,0.00051695,8-722,2-19,,,E1,3686.8375284558742,permitted,0.0041356,0,1.0,2-19,NIST,--
H18,H I,3692.612,10.1988358,13.55646454,3685.1,0.00061017,8-648,2-18,,,E1,3691.561105914755,permitted,0.00488136,0,1.0,2-18,NIST,--
H17,H I,3698.21,10.1988358,13.55138166,4910.1,0.00072738,8-578,2-17,,,E1,3697.15805706704,permitted,0.00581904,0,1.0,2-17,NIST,--
H16,H I,3704.913,10.1988358,13.54531624,6658.3,0.0008769,8-512,2-16,,,E1,3703.859222005639,permitted,0.0070152,0,1.0,2-16,NIST,--
HeI-3706,He I,3706.05,20.96408688908,24.3095408973,3952900.0,0.011395,5-7,1s2p-1s7d,3P*-3D,2-3,E1,3704.995732500953,permitted,0.056975,2,1.0,3P*,NIST,--
H15,H I,3713.033,10.1988358,13.53799772,9210.2,0.0010708,8-450,2-15,,,E1,3711.977319532604,permitted,0.0085664,0,1.0,2-15,NIST,--
H14,H I,3723.004,10.1988358,13.52905552,13032.0,0.0013269,8-392,2-14,,,E1,3721.9448372829743,permitted,0.0106152,0,1.0,2-14,NIST,--
[OII]-3727,[O II],3727.092,0.0,3.326567,0.000159,3.31e-13,4-4,2s22p3-2s22p3,4S*-2D*,3/2-3/2,M1,3726.032278110222,forbidden,1.324e-12,2,1.0,4S*-2D*,NIST,--
[OII]-3730,[O II],3729.875,0.0,3.324085,2.86e-05,8.95e-14,4-6,2s22p3-2s22p3,4S*-2D*,3/2-5/2,E2,3728.814557058235,forbidden,3.58e-13,2,1.0,4S*-2D*,NIST,--
H13,H I,3735.436,10.1988358,13.51797128,18927.0,0.0016728,8-338,2-13,,,E1,3734.3746159172865,permitted,0.0133824,0,1.0,2-13,NIST,--
H12,H I,3751.224,10.1988358,13.50400193,28337.0,0.0021521,8-288,2-12,,,E1,3750.158423367172,permitted,0.0172168,0,1.0,2-12,NIST,--
[FeVII]-3760,[Fe VII],3760.24,0.288819,3.58606,0.45,9.5e-10,9-9,3p63d2-3p63d2,3F-1G,4-4,M1,3759.171685377579,forbidden,8.55e-09,0,1.0,3F-1G,NIST,--
H11,H I,3771.708,10.1988358,13.48605194,43972.0,0.0028368,8-242,2-11,,,E1,3770.6368103924183,permitted,0.0226944,0,1.0,2-11,NIST,--
H10,H I,3798.983,10.1988358,13.46245155,71225.0,0.0038526,8-200,2-10,,,E1,3797.9043305725017,permitted,0.0308208,0,1.0,2-10,NIST,--
HeI-3821,He I,3820.687,20.96408688908,24.209163110443,6435300.0,0.019717,5-7,1s2p-1s6d,3P*-3D,2-3,E1,3819.6027798756336,permitted,0.0985849999999999,2,1.0,3P*,NIST,--
HeI-3835,He I,3834.636,21.2180227112,24.4512941044573,964700.0,0.0035444,3-5,1s2p-1s10d,1P*-1D,1-2,E1,3833.548663839285,permitted,0.0106332,1,1.0,1P*,NIST,--
H9,H I,3836.479,10.1988358,13.43055424,121560.0,0.0054317,8-162,2-9,,,E1,3835.3907875975706,permitted,0.0434536,0,1.0,2-9,NIST,--
[FeV]-3840,[Fe V],3840.36,0.09957,3.32802,0.49,1.1e-09,7-7,3d4-3d4,5D-3F2,3-3,M1,3839.2708784980423,forbidden,7.7e-09,0,1.0,5D-3F2,NIST,--
[NeIII]-3870,[Ne III],3869.86,0.0,3.203841,0.174,3.91e-10,5-5,2s22p4-2s22p4,3P-1D,2-2,M1,3868.7632045705686,forbidden,1.955e-09,1,1.0,3P-1D,NIST,--
HeI-3873,He I,3872.884,21.2180227112,24.41936311728,1338600.0,0.0050168,3-5,1s2p-1s9d,1P*-1D,1-2,E1,3871.7863569662527,permitted,0.0150504,1,1.0,1P*,NIST,--
[FeII]-3875,[Fe II],3875.169,0.0,3.19945278,0.0138,3.1e-11,10-10,3d6(5D)4s-3d6(3G)4s,a6D-a4G,9/2-9/2,M1,3874.070702846228,forbidden,3.1e-10,0,1.0,a6D-a4G,NIST,--
HeI-3890,He I,3889.751,19.819614525,23.00707314571,9474600.0,0.035819,3-5,1s2s-1s3p,3S-3P*,1-2,E1,3888.6488657540367,permitted,0.107457,4,1.0,3S,NIST,--
H8,H I,3890.158,10.1988358,13.38596103,221480.0,0.0080397,8-128,2-8,,,E1,3889.055620608334,permitted,0.0643176,0,1.0,2-8,NIST,--
[FeV]-3892,[Fe V],3892.4,4.54154,7.72683,0.048,7.8e-11,7-5,3d4-3d4,3D-3F1,3-2,M1+E2,3891.297336695944,forbidden,5.46e-10,1,1.0,3D-3F1,NIST,--
[FeV]-3912,[Fe V],3911.92,4.55744,7.72683,0.31,7.1e-10,5-5,3d4-3d4,3D-3F1,2-2,M1+E2,3910.8122519630538,forbidden,3.55e-09,1,1.0,3D-3F1,NIST,--
HeI-3928,He I,3927.656,21.2180227112,24.374719544511,1937100.0,0.0074666,3-5,1s2p-1s8d,1P*-1D,1-2,E1,3926.5443364401217,permitted,0.0223998,1,1.0,1P*,NIST,--
CaII-3935,Ca II,3934.777,0.0,3.150984,147000000.0,0.682,2-4,3p64s-3p64p,2S-2P*,1/2-3/2,E1,3933.663294444916,permitted,1.364,2,1.0,2S,NIST,--
HeI-3966,He I,3965.851,20.615774823,23.7420700688,6950700.0,0.049168,1-3,1s2s-1s4p,1S-1P*,0-1,E1,3964.728778453784,permitted,0.049168,3,1.0,1S,NIST,--
[NeIII]-3969,[Ne III],3968.59,0.0797065,3.203841,0.054,2.13e-10,3-5,2s22p4-2s22p4,3P-1D,1-2,M1,3967.4674744940608,forbidden,6.39e-10,1,1.0,3P-1D,NIST,--
CaII-3970,Ca II,3969.591,0.0,3.123349,140000000.0,0.33,2-2,3p64s-3p64p,2S-2P*,1/2-1/2,E1,3968.4682132663206,permitted,0.66,2,1.0,2S,NIST,--
H7,H I,3971.202,10.1988358,13.32091817,438890.0,0.012711,8-98,2-7,,,E1,3970.078792834293,permitted,0.101688,0,1.0,2-7,NIST,--
HeI-4010,He I,4010.39,21.2180227112,24.309597381304,2961200.0,0.0119,3-5,1s2p-1s7d,1P*-1D,1-2,E1,4009.256463980364,permitted,0.0357,1,1.0,1P*,NIST,--
HeI-4027,He I,4027.324,20.96408688908,24.042662242088,11601000.0,0.039492,5-7,1s2p-1s5d,3P*-3D,2-3,E1,4026.185952991993,permitted,0.19746,2,1.0,3P*,NIST,--
[FeII]-4035,[Fe II],4035.118,0.35186476,3.42449356,0.0117,2.86e-11,6-6,3d7-3d6(3F2)4s,a4F-a2F,5/2-5/2,E2,4033.978118107008,forbidden,1.716e-10,44,0.2767316615083635,a4F-a2F,NIST,--
[FeII]-4050,[Fe II],4050.26,1.67061856,4.7317602,0.0303,7.5e-11,6-6,3d7-3d6(1D2)4s,a4P-c2D,5/2-5/2,M1+E2,4049.116239071228,forbidden,4.5e-10,29,0.5792486912697881,a4P-c2D,NIST,--
[SII]-4070,[S II],4069.746,0.0,3.046485,0.192,4.77e-10,4-4,3s23p3-3s23p3,4S*-2P*,3/2-3/2,M1,4068.597042139857,forbidden,1.908e-09,3,1.0,4S*-2P*,NIST,--
[FeV]-4072,[Fe V],4072.44,0.05176,3.09623,1.18,1.76e-09,5-3,3d4-3d4,5D-3P2,2-1,M1,4071.29033728018,forbidden,8.8e-09,0,1.0,5D-3P2,NIST,--
[FeII]-4075,[Fe II],4074.764,1.6952613,4.7379945,0.0164,4.1e-11,4-4,3d7-3d6(1D2)4s,a4P-c2D,3/2-3/2,M1+E2,4073.613729190803,forbidden,1.64e-10,29,0.13558239578625653,a4P-c2D,NIST,--
[SII]-4077,[S II],4077.494,0.0,3.040696,0.0772,9.62e-11,4-2,3s23p3-3s23p3,4S*-2P*,3/2-1/2,M1,4076.343014825619,forbidden,3.848e-10,3,0.3300589387954435,4S*-2P*,NIST,--
[FeII]-4081,[Fe II],4081.147,0.38651921,3.42449356,0.0422,1.58e-10,4-6,3d7-3d6(3F2)4s,a4F-a2F,3/2-5/2,M1+E2,4079.995058863938,forbidden,6.32e-10,44,0.7211261390808755,a4F-a2F,NIST,--
[FeII]-4083,[Fe II],4083.13,1.6952613,4.7317602,0.0469,1.76e-10,4-6,3d7-3d6(1D2)4s,a4P-c2D,3/2-5/2,E2,4081.977539893349,forbidden,7.04e-10,29,1.0,a4P-c2D,NIST,--
[FeII]-4085,[Fe II],4085.478,0.35186476,3.38661825,0.0264,8.8e-11,6-8,3d7-3d6(3F2)4s,a4F-a2F,5/2-7/2,E2,4084.325335259669,forbidden,5.28e-10,44,1.0,a4F-a2F,NIST,--
Hd,H I,4102.899,10.1988358,13.22070389,973200.0,0.022105,8-72,2-6,,,E1,4101.741464792317,permitted,0.17684,0,1.0,2-6,NIST,--
[FeII]-4114,[Fe II],4113.594,1.72398297,4.7379945,0.0118,6e-11,2-4,3d7-3d6(1D2)4s,a4P-c2D,1/2-3/2,M1+E2,4112.43356411017,forbidden,1.2e-10,29,0.09681651496903355,a4P-c2D,NIST,--
[FeII]-4116,[Fe II],4115.636,0.23217279,3.24468891,0.155,4.72e-10,10-12,3d7-3d6(3H)4s,a4F-b2H,9/2-11/2,E2,4114.475029290882,forbidden,4.72e-09,51,1.0,a4F-b2H,NIST,--
HeI-4122,He I,4121.973,20.96408688908,23.9719714182,2473800.0,0.0037808,5-3,1s2p-1s5s,3P*-3S,2-1,E1,4120.810710920064,permitted,0.018904,2,1.0,3P*,NIST,--
HeI-4145,He I,4144.928,21.2180227112,24.209249793955,4881200.0,0.020954,3-5,1s2p-1s6d,1P*-1D,1-2,E1,4143.7590049716455,permitted,0.062862,1,1.0,1P*,NIST,--
[FeII]-4159,[Fe II],4159.088,0.9863338,3.96737644,0.036,9.3e-11,8-8,3d6(5D)4s-3d7,a4D-b2F,7/2-7/2,M1,4157.916042780151,forbidden,7.44e-10,25,1.0,a4D-b2F,NIST,--
[FeII]-4178,[Fe II],4178.379,0.23217279,3.19945278,0.289,7.6e-10,10-10,3d7-3d6(3G)4s,a4F-a4G,9/2-9/2,E2,4177.201384263817,forbidden,7.6e-09,48,0.0760107712280699,a4F-a4G,NIST,--
[FeII]-4180,[Fe II],4180.142,0.30129858,3.26732671,0.0157,5.13e-11,8-10,3d7-3d6(3H)4s,a4F-b2H,7/2-9/2,E2,4178.964491696422,forbidden,4.104e-10,51,0.15633980343063997,a4F-b2H,NIST,--
[FeII]-4199,[Fe II],4198.991,0.38651921,3.33923354,0.0107,1.4e-11,4-2,3d7-3d6(3P2)4s,a4F-b2P,3/2-1/2,E2,4197.807876855585,forbidden,5.6e-11,52,0.443990522807828,a4F-b2P,NIST,--
[FeII]-4210,[Fe II],4210.025,1.67061856,4.6155941,0.0105,9.3e-12,6-2,3d7-3d6(1S2)4s,a4P-a2S,5/2-1/2,E2,4208.838981166628,forbidden,5.58e-11,36,0.7066170007241309,a4P-a2S,NIST,--
[FeII]-4212,[Fe II],4212.292,0.30129858,3.24468891,0.059,2.36e-10,8-12,3d7-3d6(3H)4s,a4F-b2H,7/2-11/2,E2,4211.1057860411065,forbidden,1.888e-09,51,0.366395175891006,a4F-b2H,NIST,--
[FeV]-4228,[Fe V],4228.38,0.15903,3.09122,0.0047,1.3e-11,9-9,3d4-3d4,5D-3H,4-4,M1,4227.1894626244075,forbidden,1.17e-10,0,1.0,5D-3H,NIST,--
[FeII]-4233,[Fe II],4232.755,0.30129858,3.23045937,0.0207,4.17e-11,8-6,3d7-3d6(3G)4s,a4F-a4G,7/2-5/2,E2,4231.5632138734645,forbidden,3.336e-10,48,0.0034093390021069027,a4F-a4G,NIST,--
[FeII]-4245,[Fe II],4245.169,0.23217279,3.15276806,1.03,3.35e-09,10-12,3d7-3d6(3G)4s,a4F-a4G,9/2-11/2,E2,4243.973823700372,forbidden,3.3499999999999996e-08,48,1.0,a4F-a4G,NIST,--
[FeII]-4246,[Fe II],4245.55,1.6952613,4.6155941,0.032,4.3e-11,4-2,3d7-3d6(1S2)4s,a4P-a2S,3/2-1/2,M1,4244.3552534884075,forbidden,1.72e-10,36,1.0,a4P-a2S,NIST,--
[FeII]-4246,[Fe II],4246.013,0.30129858,3.22131344,0.246,6.65e-10,8-8,3d7-3d6(3G)4s,a4F-a4G,7/2-7/2,E2,4244.817412065742,forbidden,5.32e-09,48,0.07187102985728634,a4F-a4G,NIST,--
[FeII]-4253,[Fe II],4252.643,0.35186476,3.26732671,0.013,5.9e-11,6-10,3d7-3d6(3H)4s,a4F-b2H,5/2-9/2,E2,4251.446390311092,forbidden,3.54e-10,51,0.13481869091226895,a4F-b2H,NIST,--
[FeII]-4268,[Fe II],4267.548,0.9863338,3.89161339,0.0236,4.83e-11,8-6,3d6(5D)4s-3d6(3D)4s,a4D-b4D,7/2-5/2,M1,4266.347074316726,forbidden,3.864e-10,16,0.9442382188795987,a4D-b4D,NIST,--
[FeII]-4270,[Fe II],4269.881,1.04046986,3.9441623,0.02,5.5e-11,6-6,3d6(5D)4s-3d7,a4D-b2F,5/2-5/2,M1,4268.679161322355,forbidden,3.3e-10,25,0.15617388011732447,a4D-b2F,NIST,--
[FeII]-4278,[Fe II],4278.04,0.30129858,3.19945278,0.826,2.83e-09,8-10,3d7-3d6(3G)4s,a4F-a4G,7/2-9/2,E2,4276.836486924374,forbidden,2.264e-08,48,0.3358971687625142,a4F-a4G,NIST,--
[FeII]-4289,[Fe II],4288.6,0.0,2.8910183,1.55,2.56e-09,10-6,3d6(5D)4s-3d54s2,a6D-a6S,9/2-5/2,E2,4287.393221250128,forbidden,2.56e-08,14,1.0,a6D-a6S,NIST,--
[FeII]-4307,[Fe II],4307.109,0.35186476,3.23045937,0.299,8.32e-10,6-6,3d7-3d6(3G)4s,a4F-a4G,5/2-5/2,E2,4305.897474540939,forbidden,4.992e-09,48,0.043824889471059184,a4F-a4G,NIST,--
OII-4318,O II,4318.353,22.9662478,25.8373471,36800000.0,0.206,2-4,2s22p2(3P)3s-2s22p2(3P)3p,4P-4P*,1/2-3/2,E1,4317.138817152193,permitted,0.412,0,1.0,4P,NIST,--
[FeII]-4321,[Fe II],4320.837,0.35186476,3.22131344,0.539,2.01e-09,6-8,3d7-3d6(3G)4s,a4F-a4G,5/2-7/2,E2,4319.622063769132,forbidden,1.206e-08,48,0.1441956322353334,a4F-a4G,NIST,--
[FeII]-4323,[Fe II],4323.138,1.07624119,3.9441623,0.0109,4.6e-11,4-6,3d6(5D)4s-3d7,a4D-b2F,3/2-5/2,M1,4321.922958337945,forbidden,1.84e-10,25,0.08292162074893696,a4D-b2F,NIST,--
[FeII]-4331,[Fe II],4330.646,1.04046986,3.90341906,0.0196,7.3e-11,6-8,3d6(5D)4s-3d6(3D)4s,a4D-b4D,5/2-7/2,M1,4329.428683180729,forbidden,4.38e-10,16,1.0,a4D-b4D,NIST,--
Hg,H I,4341.691,10.1988358,13.0545017,2530400.0,0.044694,8-50,2-5,,,E1,4340.470676926913,permitted,0.357552,0,1.0,2-5,NIST,--
[FeII]-4348,[Fe II],4348.081,0.30129858,3.15276806,0.246,1.05e-09,8-12,3d7-3d6(3G)4s,a4F-a4G,7/2-11/2,E2,4346.858795295306,forbidden,8.4e-09,48,0.2143735275462734,a4F-a4G,NIST,--
[FeII]-4353,[Fe II],4353.031,1.04046986,3.88869686,0.017,3.22e-11,6-4,3d6(5D)4s-3d6(3D)4s,a4D-b4D,5/2-3/2,M1,4351.807492442866,forbidden,1.932e-10,16,0.3116316900059115,a4D-b4D,NIST,--
[FeII]-4354,[Fe II],4354.008,0.35186476,3.19945278,0.358,1.7e-09,6-10,3d7-3d6(3G)4s,a4F-a4G,5/2-9/2,E2,4352.784035332333,forbidden,1.02e-08,48,0.14997023092856043,a4F-a4G,NIST,--
[FeII]-4357,[Fe II],4357.374,0.35186476,3.19725263,0.0119,2.3e-11,6-4,3d7-3d6(3P2)4s,a4F-b2P,5/2-3/2,E2,4356.149749149334,forbidden,1.38e-10,52,1.0,a4F-b2P,NIST,--
[FeII]-4360,[Fe II],4359.592,0.38651921,3.23045937,0.717,3.06e-09,4-6,3d7-3d6(3G)4s,a4F-a4G,3/2-5/2,E2,4358.367365226734,forbidden,1.224e-08,48,0.10056146185620962,a4F-a4G,NIST,--
[FeII]-4361,[Fe II],4360.557,0.04770753,2.8910183,1.15,2.46e-09,8-6,3d6(5D)4s-3d54s2,a6D-a6S,7/2-5/2,E2,4359.332131185738,forbidden,1.968e-08,14,0.7224460747837402,a6D-a6S,NIST,--
[OIII]-4364,[O III],4364.436,2.513565,5.354349,1.71,9.77e-10,5-1,2s22p2-2s22p2,1D-1S,2-0,E2,4363.209690105555,forbidden,4.885e-09,0,1.0,1D-1S,NIST,--
[FeII]-4374,[Fe II],4373.658,0.38651921,3.22131344,0.275,1.58e-09,4-8,3d7-3d6(3G)4s,a4F-a4G,3/2-7/2,E2,4372.429062066861,forbidden,6.32e-09,48,0.07320928874488579,a4F-a4G,NIST,--
[FeII]-4384,[Fe II],4383.976,0.0,2.82812245,0.0605,1.39e-10,10-8,3d6(5D)4s-3d6(3F2)4s,a6D-b4F,9/2-7/2,M1,4382.7441549664745,forbidden,1.3900000000000002e-09,20,0.03841955782788224,a6D-b4F,NIST,--
HeI-4389,He I,4389.162,21.2180227112,24.042803412125,8988900.0,0.043269,3-5,1s2p-1s5d,1P*-1D,1-2,E1,4387.929084309361,permitted,0.129807,1,1.0,1P*,NIST,--
[FeII]-4404,[Fe II],4403.83,1.07624119,3.89161339,0.0176,7.7e-11,4-6,3d6(5D)4s-3d6(3D)4s,a4D-b4D,3/2-5/2,M1,4402.59301513538,forbidden,3.08e-10,16,0.610011750407575,a4D-b4D,NIST,--
[ArXIV]-4414,[Ar XIV],4413.795,0.0,2.8090156,104.0,6.07e-07,2-4,2s22p-2s22p,2P*-2P*,1/2-3/2,M1,4412.555889384126,forbidden,1.214e-06,0,1.0,2P*-2P*,NIST,--
[FeII]-4415,[Fe II],4415.02,0.08278213,2.8910183,0.85,2.48e-09,6-6,3d6(5D)4s-3d54s2,a6D-a6S,5/2-5/2,E2,4413.780716544219,forbidden,1.4880000000000002e-08,14,0.5030715232045101,a6D-a6S,NIST,--
OII-4416,O II,4416.138,23.4415082,26.2490334,84700000.0,0.371,4-6,2s22p2(3P)3s-2s22p2(3P)3p,2P-2D*,3/2-5/2,E1,4414.898072025542,permitted,1.484,0,1.0,2P,NIST,--
[FeII]-4418,[Fe II],4417.508,0.0,2.80665448,0.476,1.391e-09,10-10,3d6(5D)4s-3d6(3F2)4s,a6D-b4F,9/2-9/2,M1,4416.268150884653,forbidden,1.391e-08,20,1.0,a6D-b4F,NIST,--
[FeII]-4434,[Fe II],4433.692,0.04770753,2.84411707,0.06,1.32e-10,8-6,3d6(5D)4s-3d6(3F2)4s,a6D-b4F,7/2-5/2,M1,4432.447885383744,forbidden,1.056e-09,20,0.019078249890752543,a6D-b4F,NIST,--
[FeII]-4453,[Fe II],4453.347,0.10695023,2.8910183,0.536,2.39e-09,4-6,3d6(5D)4s-3d54s2,a6D-a6S,3/2-5/2,E2,4452.096793668103,forbidden,9.56e-09,14,0.3186242186580644,a6D-a6S,NIST,--
[FeII]-4459,[Fe II],4459.198,0.04770753,2.82812245,0.318,9.48e-10,8-8,3d6(5D)4s-3d6(3F2)4s,a6D-b4F,7/2-7/2,M1,4457.946430688764,forbidden,7.584e-09,20,0.1894587523121544,a6D-b4F,NIST,--
[FeII]-4472,[Fe II],4471.552,0.08278213,2.85551515,0.035,6.9e-11,6-4,3d6(5D)4s-3d6(3F2)4s,a6D-b4F,5/2-3/2,M1,4470.29745230729,forbidden,4.1399999999999997e-10,20,0.006180729984886111,a6D-b4F,NIST,--
HeI-4473,He I,4472.729,20.96408688908,23.7360901901,24579000.0,0.1032,5-7,1s2p-1s4d,3P*-3D,2-3,E1,4471.474256713086,permitted,0.516,2,1.0,3P*,NIST,--
[FeII]-4476,[Fe II],4476.158,0.12113874,2.8910183,0.263,2.37e-09,2-6,3d6(5D)4s-3d54s2,a6D-a6S,1/2-5/2,E2,4474.902707197442,forbidden,4.74e-09,14,0.15436027303453062,a6D-a6S,NIST,--
[FeII]-4480,[Fe II],4480.373,1.96448604,4.7317602,0.128,2.3e-10,10-6,3d7-3d6(1D2)4s,a2G-c2D,9/2-5/2,E2,4479.115935441804,forbidden,2.3e-09,27,0.7687816646161607,a2G-c2D,NIST,--
[FeII]-4490,[Fe II],4490.009,0.08278213,2.84411707,0.163,4.92e-10,6-6,3d6(5D)4s-3d6(3F2)4s,a6D-b4F,5/2-5/2,M1,4488.749992980529,forbidden,2.951999999999999e-09,20,0.05257383249377369,a6D-b4F,NIST,--
[FeII]-4494,[Fe II],4493.896,0.04770753,2.80665448,0.082,3.1e-10,8-10,3d6(5D)4s-3d6(3F2)4s,a6D-b4F,7/2-9/2,M1,4492.635277523987,forbidden,2.48e-09,20,0.12998531207864727,a6D-b4F,NIST,--
[FeII]-4511,[Fe II],4510.87,0.10695023,2.85551515,0.074,2.25e-10,4-4,3d6(5D)4s-3d6(3F2)4s,a6D-b4F,3/2-3/2,M1,4509.605387765987,forbidden,9e-10,20,0.012783921937987856,a6D-b4F,NIST,--
NIII-4512,N III,4512.23,35.6568,38.40454,47700000.0,0.218,4-6,2s2p(3P*)3s-2s2p(3P*)3p,4P*-4D,3/2-5/2,E1,4510.964728873585,permitted,0.872,0,1.0,4P*,NIST,--
[FeII]-4516,[Fe II],4516.169,0.08278213,2.82812245,0.0742,3.02e-10,6-8,3d6(5D)4s-3d6(3F2)4s,a6D-b4F,5/2-7/2,M1,4514.902319228068,forbidden,1.812e-09,20,0.04382753645382535,a6D-b4F,NIST,--
[FeII]-4530,[Fe II],4529.654,0.10695023,2.84411707,0.0503,2.32e-10,4-6,3d6(5D)4s-3d6(3F2)4s,a6D-b4F,3/2-5/2,M1,4528.384538997498,forbidden,9.28e-10,20,0.015354926275165643,a6D-b4F,NIST,--
[FeII]-4534,[Fe II],4534.277,0.12113874,2.85551515,0.02,1.25e-10,2-4,3d6(5D)4s-3d6(3F2)4s,a6D-b4F,1/2-3/2,M1,4533.00581848289,forbidden,2.5e-10,20,0.003555550160021436,a6D-b4F,NIST,--
[FeII]-4578,[Fe II],4577.687,2.02954815,4.7379945,0.626,9.8e-10,8-4,3d7-3d6(1D2)4s,a2G-c2D,7/2-3/2,E2,4576.404442169831,forbidden,7.84e-09,27,1.0,a2G-c2D,NIST,--
[FeII]-4588,[Fe II],4588.248,2.02954815,4.7317602,0.0404,9.6e-11,8-6,3d7-3d6(1D2)4s,a2G-c2D,7/2-5/2,E2,4586.962951327552,forbidden,7.68e-10,27,0.10843540315783719,a2G-c2D,NIST,--
NIII-4635,N III,4635.42,30.45863,33.13334,63600000.0,0.41,2-4,2s23p-2s23d,2P*-2D,1/2-3/2,E1,4634.122180594538,permitted,0.82,2,1.0,2P*,NIST,--
[FeII]-4641,[Fe II],4640.973,0.10695023,2.7784633,0.64,1.03e-09,4-2,3d6(5D)4s-3d6(3P2)4s,a6D-b4P,3/2-1/2,M1,4639.673651984856,forbidden,4.12e-09,23,0.37622592301664143,a6D-b4P,NIST,--
NIII-4642,N III,4641.94,30.46308,33.13403,76000000.0,0.368,4-6,2s23p-2s23d,2P*-2D,3/2-5/2,E1,4640.640456209959,permitted,1.472,2,1.0,2P*,NIST,--
NIII-4643,N III,4643.26,47.03931,49.70951,39300000.0,0.0847,6-4,2s2p(3P*)4p-2s2p(3P*)5s,4P-4P*,5/2-3/2,E1,4641.960107081048,permitted,0.5082,0,1.0,4P,NIST,--
CIII-4649,C III,4648.72,29.534648,32.201709,72600000.0,0.392,3-5,1s22s3s-1s22s3p,3S-3P*,1-2,E1,4647.418662884269,permitted,1.1760000000000002,2,1.0,3S,NIST,--
CIII-4652,C III,4651.548,29.534648,32.200087,72500000.0,0.235,3-3,1s22s3s-1s22s3p,3S-3P*,1-1,E1,4650.245914818515,permitted,0.705,2,1.0,3S,NIST,--
CIII-4653,C III,4652.775,29.534648,32.199384,72400000.0,0.0783,3-1,1s22s3s-1s22s3p,3S-3P*,1-0,E1,4651.472590241372,permitted,0.2349,2,1.0,3S,NIST,--
[FeIII]-4659,[Fe III],4659.42,0.0,2.660939,0.43,1.4e-09,9-9,3d6-3d6,5D-a3F,4-4,M1,4658.115832343958,forbidden,1.26e-08,0,1.0,5D-a3F,NIST,--
[FeII]-4666,[Fe II],4665.753,0.12113874,2.7784633,0.199,6.49e-10,2-2,3d6(5D)4s-3d6(3P2)4s,a6D-b4P,1/2-1/2,M1,4664.447086843397,forbidden,1.298e-09,23,0.11706612397549392,a6D-b4P,NIST,--
HeII-4687,He II,4687.116,48.371583992058,51.0167971898,220760000.0,0.96946,6-8,3d-4f,2D-2F*,5/2-7/2,E1,4685.80402781268,permitted,5.81676,1,1.0,2D,NIST,--
[ArIV]-4713,[Ar IV],4712.58,0.0,2.63092,0.0096,4e-11,4-6,3s23p3-3s23p3,4S*-2D*,3/2-5/2,M1+E2,4711.261763065987,forbidden,1.6e-10,1,1.0,4S*-2D*,NIST,--
HeI-4714,He I,4714.458,20.96408688908,23.593958713,5289400.0,0.010575,5-3,1s2p-1s4s,3P*-3S,2-1,E1,4713.139107882775,permitted,0.052875,2,1.0,3P*,NIST,--
[FeII]-4729,[Fe II],4729.393,0.08278213,2.70434897,0.586,1.31e-09,6-4,3d6(5D)4s-3d6(3P2)4s,a6D-b4P,5/2-3/2,M1,4728.070311138337,forbidden,7.86e-09,23,0.6799457961770162,a6D-b4P,NIST,--
[ArIV]-4741,[Ar IV],4741.45,0.0,2.6149,0.072,2.4e-10,4-4,3s23p3-3s23p3,4S*-2D*,3/2-3/2,M1,4740.124117913804,forbidden,9.6e-10,1,1.0,4S*-2D*,NIST,--
[FeII]-4747,[Fe II],4746.816,0.23217279,2.84411707,0.0142,2.88e-11,10-6,3d7-3d6(3F2)4s,a4F-b4F,9/2-5/2,E2,4745.489096483796,forbidden,2.88e-10,45,0.00532124633412109,a4F-b4F,NIST,--
[FeII]-4773,[Fe II],4773.399,0.10695023,2.70434897,0.031,1.05e-10,4-4,3d6(5D)4s-3d6(3P2)4s,a6D-b4P,3/2-3/2,M1,4772.064393926311,forbidden,4.2e-10,23,0.03404476897748326,a6D-b4P,NIST,--
[FeII]-4776,[Fe II],4776.063,0.23217279,2.82812245,0.132,3.61e-10,10-8,3d7-3d6(3F2)4s,a4F-b4F,9/2-7/2,E2,4774.728247854803,forbidden,3.6099999999999997e-09,45,0.10094828953436288,a4F-b4F,NIST,--
[FeII]-4800,[Fe II],4799.617,0.12113874,2.70434897,0.083,5.74e-10,2-4,3d6(5D)4s-3d6(3P2)4s,a6D-b4P,1/2-3/2,M1,4798.275745346205,forbidden,1.148e-09,23,0.09667105187225264,a6D-b4P,NIST,--
[FeII]-4816,[Fe II],4815.89,0.23217279,2.80665448,0.546,1.9e-09,10-10,3d7-3d6(3F2)4s,a4F-b4F,9/2-9/2,E2,4814.544091425119,forbidden,1.9e-08,45,1.0,a4F-b4F,NIST,--
[FeII]-4854,[Fe II],4854.099,0.30129858,2.85551515,0.0249,4.4e-11,8-4,3d7-3d6(3F2)4s,a4F-b4F,7/2-3/2,E2,4852.743158493931,forbidden,3.52e-10,45,0.005729028538445223,a4F-b4F,NIST,--
Hb,H I,4862.691,10.1988358,12.7485393,8419300.0,0.11938,8-32,2-4,,,E1,4861.3329792211,permitted,0.95504,0,1.0,2-4,NIST,--
[FeII]-4876,[Fe II],4875.857,0.30129858,2.84411707,0.199,5.31e-10,8-6,3d7-3d6(3F2)4s,a4F-b4F,7/2-5/2,E2,4874.495686073531,forbidden,4.248e-09,45,0.07094920515989896,a4F-b4F,NIST,--
[FeII]-4891,[Fe II],4890.988,0.04770753,2.58265947,0.417,1.12e-09,8-6,3d6(5D)4s-3d6(3P2)4s,a6D-b4P,7/2-5/2,M1,4889.622610948422,forbidden,8.96e-09,23,1.0,a6D-b4P,NIST,--
[FeVII]-4895,[Fe VII],4895.05,0.0,2.53285,0.0354,7.63e-11,5-3,3p63d2-3p63d2,3F-3P,2-1,M1+E2,4893.68339297083,forbidden,3.815e-10,1,1.0,3F-3P,NIST,--
[FeII]-4900,[Fe II],4899.971,1.96448604,4.49479059,1.15,2.48e-09,10-6,3d7-3d6(3D)4s,a2G-b2D,9/2-5/2,E2,4898.603486807568,forbidden,2.48e-08,38,1.0,a2G-b2D,NIST,--
[FeIV]-4904,[Fe IV],4904.44,4.0054,6.5334,0.13,4.7e-10,8-8,3d5-3d5,4G-4F,7/2-7/2,M1,4903.070900751267,forbidden,3.76e-09,0,1.0,4G-4F,NIST,--
[FeII]-4907,[Fe II],4906.721,0.30129858,2.82812245,0.219,7.89e-10,8-8,3d7-3d6(3F2)4s,a4F-b4F,7/2-7/2,E2,4905.351295302992,forbidden,6.312e-09,45,0.16875122285085523,a4F-b4F,NIST,--
HeI-4923,He I,4923.305,21.2180227112,23.73633503536,19863000.0,0.1203,3-5,1s2p-1s4d,1P*-1D,1-2,E1,4921.930966869098,permitted,0.3609,1,1.0,1P*,NIST,--
[FeII]-4949,[Fe II],4948.766,0.30129858,2.80665448,0.0712,3.27e-10,8-10,3d7-3d6(3F2)4s,a4F-b4F,7/2-9/2,E2,4947.3850322875605,forbidden,2.616e-09,45,0.14292429575247598,a4F-b4F,NIST,--
[FeII]-4952,[Fe II],4952.137,0.35186476,2.85551515,0.177,4.34e-10,6-4,3d7-3d6(3F2)4s,a4F-b4F,5/2-3/2,E2,4950.75533698326,forbidden,2.604e-09,45,0.04403943230049363,a4F-b4F,NIST,--
[OIII]-4960,[O III],4960.295,0.0140323,2.513565,0.00621,3.82e-11,3-5,2s22p2-2s22p2,3P-1D,1-2,M1,4958.91107030665,forbidden,1.146e-10,1,1.0,3P-1D,NIST,--
[FeII]-4967,[Fe II],4967.175,0.04770753,2.54377802,0.033,9.1e-11,8-6,3d6(5D)4s-3d7,a6D-a2D2,7/2-5/2,M1,4965.789642762815,forbidden,7.28e-10,0,1.0,a6D-a2D2,NIST,--
[FeII]-4975,[Fe II],4974.785,0.35186476,2.84411707,0.142,5.28e-10,6-6,3d7-3d6(3F2)4s,a4F-b4F,5/2-5/2,E2,4973.397421307434,forbidden,3.168e-09,45,0.05592499623879158,a4F-b4F,NIST,--
[FeII]-5007,[Fe II],5006.918,0.35186476,2.82812245,0.0908,4.55e-10,6-8,3d7-3d6(3F2)4s,a4F-b4F,5/2-7/2,E2,5005.5219835583885,forbidden,2.73e-09,45,0.06077676821041332,a4F-b4F,NIST,--
[FeII]-5008,[Fe II],5008.027,0.10695023,2.58265947,0.033,1.85e-10,4-6,3d6(5D)4s-3d6(3P2)4s,a6D-b4P,3/2-5/2,M1,5006.630858796326,forbidden,7.4e-10,23,0.07413830961333785,a6D-b4P,NIST,--
[OIII]-5008,[O III],5008.24,0.0379607,2.513565,0.0181,6.81e-11,5-5,2s22p2-2s22p2,3P-1D,2-2,M1,5006.843332316028,forbidden,3.405e-10,1,1.0,3P-1D,NIST,--
HeI-5017,He I,5017.077,20.615774823,23.0870185296,13372000.0,0.15138,1-3,1s2s-1s3p,1S-1P*,0-1,E1,5015.6779352569065,permitted,0.15138,3,1.0,1S,NIST,--
[FeII]-5022,[Fe II],5021.644,0.38651921,2.85551515,0.208,7.86e-10,4-4,3d7-3d6(3F2)4s,a4F-b4F,3/2-3/2,E2,5020.244269766919,forbidden,3.144e-09,45,0.04503837066657615,a4F-b4F,NIST,--
[FeII]-5029,[Fe II],5029.29,2.02954815,4.49479059,0.078,2.22e-10,8-6,3d7-3d6(3D)4s,a2G-b2D,7/2-5/2,E2,5027.888037481446,forbidden,1.776e-09,38,0.06502398997760288,a2G-b2D,NIST,--
[FeII]-5037,[Fe II],5036.803,2.27642922,4.7379945,0.077,2.94e-10,4-4,3d7-3d6(1D2)4s,a2P-c2D,3/2-3/2,E2,5035.398840378393,forbidden,1.176e-09,28,0.07456902902571322,a2P-c2D,NIST,--
[FeII]-5045,[Fe II],5044.934,0.38651921,2.84411707,0.0803,4.6e-10,4-6,3d7-3d6(3F2)4s,a4F-b4F,3/2-5/2,E2,5043.527878699727,forbidden,1.84e-09,45,0.028117900570137376,a4F-b4F,NIST,--
HeI-5049,He I,5049.146,21.2180227112,23.67357059,6771200.0,0.0086265,3-1,1s2p-1s4s,1P*-1S,1-0,E1,5047.73849693299,permitted,0.0258795,1,1.0,1P*,NIST,--
[FeII]-5050,[Fe II],5049.592,2.27642922,4.7317602,0.459,2.63e-09,4-6,3d7-3d6(1D2)4s,a2P-c2D,3/2-5/2,E2,5048.18434036287,forbidden,1.052e-08,28,1.0,a2P-c2D,NIST,--
[FeII]-5061,[Fe II],5061.497,2.02954815,4.47910423,0.738,1.42e-09,8-4,3d7-3d6(3D)4s,a2G-b2D,7/2-3/2,E2,5060.085775012802,forbidden,1.136e-08,38,0.3060012228889147,a2G-b2D,NIST,--
[FeII]-5074,[Fe II],5073.82,0.23217279,2.67577925,0.0322,1.24e-10,10-10,3d7-3d6(3H)4s,a4F-a4H,9/2-9/2,E2,5072.4060978187545,forbidden,1.24e-09,50,0.02357756726324302,a4F-a4H,NIST,--
[FeII]-5085,[Fe II],5085.155,0.9863338,3.42449356,0.02,5.9e-11,8-6,3d6(5D)4s-3d6(3F2)4s,a4D-a2F,7/2-5/2,M1,5083.737683240424,forbidden,4.72e-10,18,0.022032233474177845,a4D-a2F,NIST,--
[FeIII]-5086,[Fe III],5086.25,0.12736,2.565,0.094,1.1e-09,1-3,3d6-3d6,5D-a3P,0-1,M1,5084.83259193876,forbidden,1.1e-09,1,1.0,5D-a3P,NIST,--
[FeII]-5109,[Fe II],5109.382,0.35186476,2.7784633,0.296,3.86e-10,6-2,3d7-3d6(3P2)4s,a4F-b4P,5/2-1/2,E2,5107.958838376496,forbidden,2.316e-09,53,0.17285148367038625,a4F-b4P,NIST,--
[FeII]-5113,[Fe II],5113.061,0.23217279,2.65702556,0.107,5.03e-10,10-12,3d7-3d6(3H)4s,a4F-a4H,9/2-11/2,E2,5111.636359701134,forbidden,5.03e-09,50,0.14204906645641338,a4F-a4H,NIST,--
[FeVI]-5147,[Fe VI],5147.18,0.14733,2.55611,0.26,1e-09,8-8,3d3-3d3,4F-2G,7/2-7/2,M1,5145.746380415924,forbidden,8e-09,1,1.0,4F-2G,NIST,--
[FeII]-5159,[Fe II],5159.451,0.30129858,2.70434897,0.361,7.2e-10,8-4,3d7-3d6(3P2)4s,a4F-b4P,7/2-3/2,E2,5158.013714353419,forbidden,5.76e-09,53,0.4001786915216209,a4F-b4P,NIST,--
[FeVII]-5160,[Fe VII],5160.21,0.130152,2.53285,0.0525,8.98e-11,7-3,3p63d2-3p63d2,3F-3P,3-1,E2,5158.772912210583,forbidden,6.286e-10,1,1.0,3F-3P,NIST,--
[FeII]-5160,[Fe II],5160.229,0.23217279,2.63486052,0.476,2.66e-09,10-14,3d7-3d6(3H)4s,a4F-a4H,9/2-13/2,E2,5158.792307046522,forbidden,2.66e-08,50,1.0,a4F-a4H,NIST,--
[FeII]-5165,[Fe II],5165.396,0.9863338,3.38661825,0.265,1.06e-09,8-8,3d6(5D)4s-3d6(3F2)4s,a4D-a2F,7/2-7/2,M1,5163.957631693259,forbidden,8.48e-09,18,1.0,a4D-a2F,NIST,--
[FeII]-5174,[Fe II],5173.913,2.34166141,4.7379945,0.198,1.59e-09,2-4,3d7-3d6(1D2)4s,a2P-c2D,1/2-3/2,E2,5172.472564293114,forbidden,3.18e-09,28,0.18238223294191375,a2P-c2D,NIST,--
[FeVI]-5177,[Fe VI],5177.48,0.24804,2.64272,0.62,2.5e-09,10-10,3d3-3d3,4F-2G,9/2-9/2,M1,5176.038314728404,forbidden,2.5e-08,1,1.0,4F-2G,NIST,--
[FeII]-5183,[Fe II],5183.407,0.38651921,2.7784633,0.414,8.34e-10,4-2,3d7-3d6(3P2)4s,a4F-b4P,3/2-1/2,E2,5181.963836677163,forbidden,3.336e-09,53,9.743014837245802e-09,a4F-b4P,NIST,--
[FeII]-5186,[Fe II],5186.249,0.30129858,2.69193206,0.0242,9.8e-11,8-8,3d7-3d6(3H)4s,a4F-a4H,7/2-7/2,E2,5184.804680086449,forbidden,7.84e-10,50,0.009778188993679658,a4F-a4H,NIST,--
[FeII]-5187,[Fe II],5187.409,2.34166141,4.7317602,0.152,1.84e-09,2-6,3d7-3d6(1D2)4s,a2P-c2D,1/2-5/2,E2,5185.964571170967,forbidden,3.68e-09,28,0.2993304706809046,a2P-c2D,NIST,--
[FeII]-5201,[Fe II],5200.628,1.04046986,3.42449356,0.143,5.8e-10,6-6,3d6(5D)4s-3d6(3F2)4s,a4D-a2F,5/2-5/2,M1,5199.179951245634,forbidden,3.479999999999999e-09,18,0.15678543823107086,a4D-a2F,NIST,--
[NI]-5202,[N I],5201.705,0.0,2.3835298,6.59e-06,4.01e-14,4-6,2s22p3-2s22p3,4S*-2D*,3/2-5/2,E2,5200.256864388595,forbidden,1.604e-13,0,1.0,4S*-2D*,NIST,--
[FeII]-5222,[Fe II],5221.529,0.30129858,2.67577925,0.111,5.67e-10,8-10,3d7-3d6(3H)4s,a4F-a4H,7/2-9/2,E2,5220.075684707661,forbidden,4.536e-09,50,0.10405228517885949,a4F-a4H,NIST,--
[FeIV]-5238,[Fe IV],5237.52,4.00484,6.37207,0.015,8.2e-11,6-8,3d5-3d5,4G-2F2,5/2-7/2,M1,5236.0623251584475,forbidden,4.92e-10,0,1.0,4G-2F2,NIST,--
[FeII]-5263,[Fe II],5263.097,0.30129858,2.65702556,0.339,2.11e-09,8-12,3d7-3d6(3H)4s,a4F-a4H,7/2-11/2,E2,5261.632610726276,forbidden,1.688e-08,50,0.44405825944231175,a4F-a4H,NIST,--
[FeII]-5270,[Fe II],5270.352,0.35186476,2.70434897,0.237,6.58e-10,6-4,3d7-3d6(3P2)4s,a4F-b4P,5/2-3/2,E2,5268.885577519607,forbidden,3.948e-09,53,0.25560599471849327,a4F-b4P,NIST,--
[FeIII]-5272,[Fe III],5271.97,0.054081,2.405841,0.425,1.26e-09,7-5,3d6-3d6,5D-a3P,3-2,M1,5270.503146354368,forbidden,8.82e-09,1,1.0,5D-a3P,NIST,--
[FeII]-5275,[Fe II],5274.831,0.23217279,2.58265947,0.472,1.18e-09,10-6,3d7-3d6(3P2)4s,a4F-b4P,9/2-5/2,E2,5273.363283964442,forbidden,1.18e-08,53,1.0,a4F-b4P,NIST,--
[FeVII]-5278,[Fe VII],5278.02,0.288819,2.63788,0.0496,1.15e-10,9-5,3p63d2-3p63d2,3F-3P,4-2,E2,5276.55153408939,forbidden,1.035e-09,1,1.0,3F-3P,NIST,--
[FeII]-5280,[Fe II],5279.85,1.07624119,3.42449356,0.082,5.1e-10,4-6,3d6(5D)4s-3d6(3F2)4s,a4D-a2F,3/2-5/2,M1,5278.380846447626,forbidden,2.04e-09,18,0.08865157806599874,a4D-a2F,NIST,--
[FeII]-5285,[Fe II],5284.585,1.04046986,3.38661825,0.133,7.4e-10,6-8,3d6(5D)4s-3d6(3F2)4s,a4D-a2F,5/2-7/2,M1,5283.114484557434,forbidden,4.44e-09,18,0.26893889390238696,a4D-a2F,NIST,--
[FeII]-5298,[Fe II],5298.318,0.35186476,2.69193206,0.1112,6.24e-10,6-8,3d7-3d6(3H)4s,a4F-a4H,5/2-7/2,E2,5296.843724307263,forbidden,3.744e-09,50,0.04063314377464515,a4F-a4H,NIST,--
[FeII]-5300,[Fe II],5300.362,2.27642922,4.6155941,0.037,7.9e-11,4-2,3d7-3d6(1S2)4s,a2P-a2S,3/2-1/2,M1+E2,5298.887279449976,forbidden,3.16e-10,0,1.0,a2P-a2S,NIST,--
[FeXIV]-5304,[Fe XIV],5304.34,0.0,2.337412,60.2,5.08e-07,2-4,3s23p-3s23p,2P*-2P*,1/2-3/2,M1,5302.864518999571,forbidden,1.016e-06,0,1.0,2P*-2P*,NIST,--
[CaV]-5311,[Ca V],5310.59,0.0,2.33466,1.93,8.16e-09,5-5,3s23p4-3s23p4,3P-1D,2-2,M1,5309.112852928492,forbidden,4.08e-08,0,1.0,3P-1D,NIST,--
[FeII]-5335,[Fe II],5335.145,0.35186476,2.67577925,0.278,1.98e-09,6-10,3d7-3d6(3H)4s,a4F-a4H,5/2-9/2,E2,5333.660906443488,forbidden,1.188e-08,50,0.2503867959618763,a4F-a4H,NIST,--
[FeVI]-5337,[Fe VI],5336.66,0.0,2.32325,0.06,1.3e-10,4-2,3d3-3d3,4F-4P,3/2-1/2,E2,5335.175902375413,forbidden,5.2e-10,2,1.0,4F-4P,NIST,--
[FeII]-5349,[Fe II],5349.15,0.38651921,2.70434897,0.072,3.09e-10,4-4,3d7-3d6(3P2)4s,a4F-b4P,3/2-3/2,E2,5347.662971707922,forbidden,1.236e-09,53,0.07643807030500128,a4F-b4P,NIST,--
[FeII]-5364,[Fe II],5363.554,0.23217279,2.54377802,0.0202,5.23e-11,10-6,3d7-3d7,a4F-a2D2,9/2-5/2,E2,5362.062830376137,forbidden,5.230000000000001e-10,56,0.027400859589384506,a4F-a2D2,NIST,--
[FeII]-5378,[Fe II],5377.961,0.38651921,2.69193206,0.304,2.64e-09,4-8,3d7-3d6(3H)4s,a4F-a4H,3/2-7/2,E2,5376.465687748044,forbidden,1.056e-08,50,0.11875982205886056,a4F-a4H,NIST,--
[FeII]-5414,[Fe II],5414.18,0.35186476,2.64185518,0.36,1.05e-09,6-4,3d7-3d7,a4F-a2D2,5/2-3/2,M1,5412.675025070084,forbidden,6.3e-09,56,0.38707055306556887,a4F-a2D2,NIST,--
[FeVI]-5426,[Fe VI],5425.73,0.06339,2.34851,0.033,9.7e-11,6-4,3d3-3d3,4F-4P,5/2-3/2,E2,5424.222143010169,forbidden,5.820000000000001e-10,2,1.0,4F-4P,NIST,--
[FeII]-5435,[Fe II],5434.66,0.30129858,2.58265947,0.165,5.47e-10,8-6,3d7-3d6(3P2)4s,a4F-b4P,7/2-5/2,M1+E2,5433.149360021778,forbidden,4.376e-09,53,0.31492575796339606,a4F-b4P,NIST,--
[FeII]-5479,[Fe II],5478.772,1.07624119,3.33923354,0.57,1.28e-09,4-2,3d6(5D)4s-3d6(3P2)4s,a4D-b2P,3/2-1/2,M1,5477.25028527559,forbidden,5.12e-09,21,0.5040698494097122,a4D-b2P,NIST,--
[FeII]-5497,[Fe II],5497.372,0.38651921,2.64185518,0.191,8.7e-10,4-4,3d7-3d7,a4F-a2D2,3/2-3/2,M1,5495.84461936782,forbidden,3.48e-09,56,0.20396110084938063,a4F-a2D2,NIST,--
[ClIII]-5519,[Cl III],5519.242,0.0,2.246399,0.00086,5.9e-12,4-6,3s23p3-3s23p3,4S*-2D*,3/2-5/2,E2,5517.7091791216835,forbidden,2.36e-11,1,1.0,4S*-2D*,NIST,--
[FeII]-5529,[Fe II],5528.889,0.30129858,2.54377802,0.358,1.23e-09,8-6,3d7-3d7,a4F-a2D2,7/2-5/2,M1,5527.353602667123,forbidden,9.84e-09,56,1.0,a4F-a2D2,NIST,--
[FeII]-5529,[Fe II],5529.154,1.09686139,3.33923354,0.161,7.38e-10,2-2,3d6(5D)4s-3d6(3P2)4s,a4D-b2P,1/2-1/2,M1,5527.618032023442,forbidden,1.476e-09,21,0.14082611806396245,a4D-b2P,NIST,--
[ClIII]-5539,[Cl III],5539.411,0.0,2.23822,0.0065,3e-11,4-4,3s23p3-3s23p3,4S*-2D*,3/2-3/2,M1,5537.872792294552,forbidden,1.2e-10,1,1.0,4S*-2D*,NIST,--
[FeII]-5547,[Fe II],5547.442,0.9863338,3.22131344,0.0115,5.3e-11,8-8,3d6(5D)4s-3d6(3G)4s,a4D-a4G,7/2-7/2,M1,5545.901647095509,forbidden,4.24e-10,0,1.0,a4D-a4G,NIST,--
[FeII]-5553,[Fe II],5552.856,1.67061856,3.90341906,0.135,8.32e-10,6-8,3d7-3d6(3D)4s,a4P-b4D,5/2-7/2,E2,5551.314300831484,forbidden,4.992e-09,42,1.0,a4P-b4D,NIST,--
[FeII]-5558,[Fe II],5557.849,0.35186476,2.58265947,0.0248,1.15e-10,6-6,3d7-3d6(3P2)4s,a4F-b4P,5/2-5/2,E2,5556.305767053698,forbidden,6.9e-10,53,0.060327019079592745,a4F-b4P,NIST,--
[OI]-5579,[O I],5578.887,1.9673642,4.1897463,1.26,1.18e-09,5-1,2s22p4-2s22p4,1D-1S,2-0,E2,5577.338246351693,forbidden,5.9e-09,0,1.0,1D-1S,NIST,--
[FeII]-5582,[Fe II],5582.372,1.67061856,3.89161339,0.125,5.84e-10,6-6,3d7-3d6(3D)4s,a4P-b4D,5/2-5/2,E2,5580.822515128802,forbidden,3.504e-09,42,0.6625839365374968,a4P-b4D,NIST,--
[FeII]-5588,[Fe II],5588.464,1.67061856,3.8891925,0.0225,3.51e-11,6-2,3d7-3d6(3D)4s,a4P-b4D,5/2-1/2,E2,5586.912387458483,forbidden,2.106e-10,42,0.023141735528420693,a4P-b4D,NIST,--
[FeII]-5589,[Fe II],5588.999,2.27642922,4.49479059,0.023,1.63e-10,4-6,3d7-3d6(3D)4s,a2P-b2D,3/2-5/2,E2,5587.447744367292,forbidden,6.52e-10,39,0.4871688267267124,a2P-b2D,NIST,--
[FeII]-5590,[Fe II],5589.712,1.67061856,3.88869686,0.0708,2.21e-10,6-4,3d7-3d6(3D)4s,a4P-b4D,5/2-3/2,E2,5588.160753791879,forbidden,1.3260000000000002e-09,42,0.18672439640889066,a4P-b4D,NIST,--
[FeII]-5615,[Fe II],5614.825,1.6952613,3.90341906,0.0692,6.54e-10,4-8,3d7-3d6(3D)4s,a4P-b4D,3/2-7/2,E2,5613.26684268537,forbidden,2.616e-09,42,0.5262697583361725,a4P-b4D,NIST,--
[FeII]-5629,[Fe II],5628.801,2.27642922,4.47910423,0.189,9e-10,4-4,3d7-3d6(3D)4s,a2P-b2D,3/2-3/2,E2,5627.239107199188,forbidden,3.6e-09,39,1.0,a2P-b2D,NIST,--
[FeVI]-5639,[Fe VI],5639.2,3.5316,5.73021,0.031,2e-10,6-8,3d3-3d3,2D2-2F,5/2-7/2,E2,5637.6351275643065,forbidden,1.2e-09,0,1.0,2D2-2F,NIST,--
[FeII]-5650,[Fe II],5650.5,2.54377802,4.7379945,0.0466,1.49e-10,6-4,3d7-3d6(1D2)4s,a2D2-c2D,5/2-3/2,M1+E2,5648.9319068413915,forbidden,8.94e-10,26,0.3808005624605149,a2D2-c2D,NIST,--
[FeII]-5651,[Fe II],5651.235,1.6952613,3.8891925,0.18,4.32e-10,4-2,3d7-3d6(3D)4s,a4P-b4D,3/2-1/2,E2,5649.666510401837,forbidden,1.728e-09,42,0.17871852701293128,a4P-b4D,NIST,--
[FeII]-5653,[Fe II],5652.512,1.6952613,3.88869686,0.0763,3.65e-10,4-4,3d7-3d6(3D)4s,a4P-b4D,3/2-3/2,E2,5650.943069036077,forbidden,1.46e-09,42,0.19102559131923932,a4P-b4D,NIST,--
[FeII]-5656,[Fe II],5656.437,0.35186476,2.54377802,0.0403,1.93e-10,6-6,3d7-3d7,a4F-a2D2,5/2-5/2,M1,5654.867819494354,forbidden,1.158e-09,56,0.10898732218687832,a4F-a2D2,NIST,--
[FeII]-5667,[Fe II],5666.6,2.54377802,4.7317602,0.0309,1.49e-10,6-6,3d7-3d6(1D2)4s,a2D2-c2D,5/2-5/2,M1+E2,5665.027702434375,forbidden,8.94e-10,26,0.7821750814065387,a2D2-c2D,NIST,--
[FeII]-5675,[Fe II],5674.774,1.96448604,4.14931647,0.297,1.43e-09,10-10,3d7-3d6(1G2)4s,a2G-c2G,9/2-9/2,E2,5673.200016761263,forbidden,1.43e-08,31,1.0,a2G-c2G,NIST,--
[FeVI]-5679,[Fe VI],5678.53,0.24804,2.43143,0.052,1.5e-10,10-6,3d3-3d3,4F-4P,9/2-5/2,E2,5676.954612555924,forbidden,1.5e-09,2,1.0,4F-4P,NIST,--
CIII-5698,C III,5697.5,32.103388,34.279506,42700000.0,0.346,3-5,1s22s3p-1s22s3d,1P*-1D,1-2,E1,5695.919539766332,permitted,1.0379999999999998,0,1.0,1P*,NIST,--
[FeII]-5720,[Fe II],5719.803,1.72398297,3.89161339,0.0617,9.08e-10,2-6,3d7-3d6(3D)4s,a4P-b4D,1/2-5/2,E2,5718.216974690437,forbidden,1.816e-09,42,0.32284203455960514,a4P-b4D,NIST,--
[FeII]-5728,[Fe II],5727.51,1.72398297,3.88869686,0.037,3.6e-10,2-4,3d7-3d6(3D)4s,a4P-b4D,1/2-3/2,E2,5725.92121340615,forbidden,7.2e-10,42,0.0953511511431173,a4P-b4D,NIST,--
[FeII]-5747,[Fe II],5747.303,0.38651921,2.54377802,0.0174,1.29e-10,4-6,3d7-3d7,a4F-a2D2,3/2-5/2,M1,5745.709118592037,forbidden,5.16e-10,56,0.04640944657085507,a4F-a2D2,NIST,--
[FeII]-5749,[Fe II],5748.571,1.04046986,3.19725263,0.473,1.56e-09,6-4,3d6(5D)4s-3d6(3P2)4s,a4D-b2P,5/2-3/2,M1,5746.977279234333,forbidden,9.36e-09,21,1.0,a4D-b2P,NIST,--
[FeII]-5752,[Fe II],5752.433,2.58265947,4.7379945,0.0253,8.4e-11,6-4,3d6(3P2)4s-3d6(1D2)4s,b4P-c2D,5/2-3/2,M1+E2,5750.837546214469,forbidden,5.039999999999997e-10,8,0.07605363444515867,b4P-c2D,NIST,--
[NII]-5756,[N II],5756.19,1.89897,4.05289,1.14,1.13e-09,5-1,2s22p2-2s22p2,1D-1S,2-0,E2,5754.593840990829,forbidden,5.65e-09,0,1.0,1D-1S,NIST,--
[FeII]-5758,[Fe II],5758.326,2.34166141,4.49479059,0.0236,3.52e-10,2-6,3d7-3d6(3D)4s,a2P-b2D,1/2-5/2,E2,5756.729369489261,forbidden,7.04e-10,39,0.3182215777269113,a2P-b2D,NIST,--
[FeII]-5769,[Fe II],5769.12,2.58265947,4.7317602,0.096,4.8e-10,6-6,3d6(3P2)4s-3d6(1D2)4s,b4P-c2D,5/2-5/2,M1,5767.520181564121,forbidden,2.88e-09,8,1.0,b4P-c2D,NIST,--
[FeII]-5801,[Fe II],5800.586,2.34166141,4.47910423,0.112,1.13e-09,2-4,3d7-3d6(3D)4s,a2P-b2D,1/2-3/2,E2,5798.97746146986,forbidden,2.26e-09,39,0.6522259927145129,a2P-b2D,NIST,--
CIV-5803,C IV,5802.92,37.54849,39.68507,31700000.0,0.32,2-4,1s23s-1s23p,2S-2P*,1/2-3/2,E1,5801.311336694123,permitted,0.64,2,1.0,2S,NIST,--
CIV-5814,C IV,5813.58,37.54849,39.68116,31600000.0,0.16,2-2,1s23s-1s23p,2S-2P*,1/2-1/2,E1,5811.968483661002,permitted,0.32,2,1.0,2S,NIST,--
[FeII]-5837,[Fe II],5837.069,2.02954815,4.15363129,0.76,3.9e-09,8-8,3d7-3d6(1G2)4s,a2G-c2G,7/2-7/2,E2,5835.451196355161,forbidden,3.12e-08,31,0.6740789149137242,a2G-c2G,NIST,--
[FeII]-5846,[Fe II],5845.522,1.07624119,3.19725263,0.0195,1e-10,4-4,3d6(5D)4s-3d6(3P2)4s,a4D-b2P,3/2-3/2,M1,5843.902333387838,forbidden,4e-10,21,0.04038175473257867,a4D-b2P,NIST,--
[FeII]-5849,[Fe II],5848.95,2.02954815,4.14931647,0.0403,2.58e-10,8-10,3d7-3d6(1G2)4s,a2G-c2G,7/2-9/2,E2,5847.329415678885,forbidden,2.064e-09,31,0.10660071276144237,a2G-c2G,NIST,--
[FeII]-5872,[Fe II],5871.648,1.96448604,4.07605998,0.167,1.21e-09,10-14,3d7-3d6(1I)4s,a2G-a2I,9/2-13/2,E2,5870.021338674923,forbidden,1.21e-08,33,1.0,a2G-a2I,NIST,--
HeI-5877,He I,5877.243,20.96408688908,23.07365070854,70708000.0,0.51263,5-7,1s2p-1s3d,3P*-3D,2-3,E1,5875.614749792776,permitted,2.5631500000000003,2,1.0,3P*,NIST,--
NaI-5892,Na I,5891.583,0.0,2.104429202,61600000.0,0.641,2-4,2p63s-2p63p,2S-2P*,1/2-3/2,E1,5889.950853705716,permitted,1.282,1,1.0,2S,NIST,--
NaI-5898,Na I,5897.558,0.0,2.102297177,61400000.0,0.32,2-2,2p63s-2p63p,2S-2P*,1/2-1/2,E1,5895.924147668731,permitted,0.64,1,1.0,2S,NIST,--
[FeII]-5903,[Fe II],5902.91,1.09686139,3.19725263,0.055,5.7e-10,2-4,3d6(5D)4s-3d6(3P2)4s,a4D-b2P,1/2-3/2,M1,5901.274267505572,forbidden,1.14e-09,21,0.10985259840553213,a4D-b2P,NIST,--
[FeII]-5915,[Fe II],5914.883,2.64185518,4.7379945,0.129,6.77e-10,4-4,3d7-3d6(1D2)4s,a2D2-c2D,3/2-3/2,E2,5913.244760730308,forbidden,2.708e-09,26,1.0,a2D2-c2D,NIST,--
[FeII]-5933,[Fe II],5932.528,2.64185518,4.7317602,0.024,1.9e-10,4-6,3d7-3d6(1D2)4s,a2D2-c2D,3/2-5/2,M1+E2,5930.88443478821,forbidden,7.6e-10,26,0.07710597331238339,a2D2-c2D,NIST,--
[FeII]-5984,[Fe II],5984.325,2.54377802,4.6155941,0.254,4.55e-10,6-2,3d7-3d6(1S2)4s,a2D2-a2S,5/2-1/2,E2,5982.667358289189,forbidden,2.73e-09,35,1.0,a2D2-a2S,NIST,--
[FeII]-6046,[Fe II],6045.776,2.02954815,4.0803055,0.127,1.04e-09,8-12,3d7-3d6(1I)4s,a2G-a2I,7/2-11/2,E2,6044.102489482513,forbidden,8.32e-09,33,0.6415360582265802,a2G-a2I,NIST,--
OI-6048,O I,6048.112,10.9888616,13.038827,1750000.0,0.00576,5-3,2s22p3(4S*)3p-2s22p3(4S*)6s,3P-3S*,2-1,E1,6046.437663375803,permitted,0.0288,1,1.0,3P,NIST,--
[FeVII]-6089,[Fe VII],6088.56,0.130152,2.1665,0.58,2.3e-09,7-5,3p63d2-3p63d2,3F-1D,3-2,M1,6086.874819990817,forbidden,1.61e-08,0,1.0,3F-1D,NIST,--
[FeII]-6097,[Fe II],6096.647,2.70434897,4.7379945,0.056,3.1e-10,4-4,3d6(3P2)4s-3d6(1D2)4s,b4P-c2D,3/2-3/2,M1,6094.960051594316,forbidden,1.24e-09,8,0.24398288342154936,b4P-c2D,NIST,--
[FeII]-6099,[Fe II],6098.779,2.58265947,4.6155941,0.0105,2e-11,6-2,3d6(3P2)4s-3d6(1S2)4s,b4P-a2S,5/2-1/2,E2,6097.091479944724,forbidden,1.2e-10,10,0.006613651838969728,b4P-a2S,NIST,--
[FeII]-6115,[Fe II],6115.395,2.70434897,4.7317602,0.0157,1.32e-10,4-6,3d6(3P2)4s-3d6(1D2)4s,b4P-c2D,3/2-5/2,M1,6113.702224696928,forbidden,5.28e-10,8,0.1490005953172023,b4P-c2D,NIST,--
[FeII]-6190,[Fe II],6190.264,1.96448604,3.96737644,0.2,9.19e-10,10-8,3d7-3d7,a2G-b2F,9/2-7/2,M1+E2,6188.551343819328,forbidden,9.19e-09,54,1.0,a2G-b2F,NIST,--
[FeII]-6263,[Fe II],6262.852,1.96448604,3.9441623,0.0352,1.24e-10,10-6,3d7-3d7,a2G-b2F,9/2-5/2,E2,6261.120466683248,forbidden,1.24e-09,54,0.054380301082546906,a2G-b2F,NIST,--
[FeII]-6282,[Fe II],6281.692,2.64185518,4.6155941,0.194,5.74e-10,4-2,3d7-3d6(1S2)4s,a2D2-a2S,3/2-1/2,E2,6279.954910384852,forbidden,2.296e-09,35,0.6537871418529771,a2D2-a2S,NIST,--
[OI]-6302,[O I],6302.046,0.0,1.9673642,0.00563,3.35e-11,5-5,2s22p4-2s22p4,3P-1D,2-2,M1,6300.303547021929,forbidden,1.675e-10,1,1.0,3P-1D,NIST,--
[SIII]-6314,[S III],6313.81,1.40384,3.36753,2.08,2.49e-09,5-1,3s23p2-3s23p2,1D-1S,2-0,E2,6312.064389113244,forbidden,1.245e-08,0,1.0,1D-1S,NIST,--
[FeII]-6327,[Fe II],6327.238,2.7784633,4.7379945,0.0143,1.72e-10,2-4,3d6(3P2)4s-3d6(1D2)4s,b4P-c2D,1/2-3/2,M1,6325.488484368563,forbidden,3.44e-10,8,0.0565727373155046,b4P-c2D,NIST,--
SiII-6349,Si II,6348.86,8.121023,10.07388,58400000.0,0.705,2-4,3s24s-3s24p,2S-2P*,1/2-3/2,E1,6347.1049792130025,permitted,1.41,0,1.0,2S,NIST,--
[FeII]-6355,[Fe II],6354.864,2.54377802,4.49479059,0.174,1.05e-09,6-6,3d7-3d6(3D)4s,a2D2-b2D,5/2-5/2,E2,6353.107567091696,forbidden,6.3e-09,37,1.0,a2D2-b2D,NIST,--
[OI]-6366,[O I],6365.536,0.0196224,1.9673642,0.00182,1.84e-11,3-5,2s22p4-2s22p4,3P-1D,1-2,M1,6363.776501603721,forbidden,5.52e-11,1,1.0,3P-1D,NIST,--
[FeX]-6376,[Fe X],6376.29,0.0,1.944457,69.4,2.12e-07,4-2,3s23p5-3s23p5,2P*-2P*,3/2-1/2,M1,6374.527613888222,forbidden,8.48e-07,0,1.0,2P*-2P*,NIST,--
[FeII]-6398,[Fe II],6398.1,2.02954815,3.96737644,0.0555,3.41e-10,8-8,3d7-3d7,a2G-b2F,7/2-7/2,M1,6396.332056804917,forbidden,2.728e-09,54,0.31552110598946015,a2G-b2F,NIST,--
[FeII]-6406,[Fe II],6406.372,2.54377802,4.47910423,0.074,3.02e-10,6-4,3d7-3d6(3D)4s,a2D2-b2D,5/2-3/2,M1+E2,6404.601635274573,forbidden,1.812e-09,37,0.18415807591994304,a2D2-b2D,NIST,--
[FeII]-6442,[Fe II],6442.195,0.35186476,2.27642922,0.0367,1.52e-10,6-4,3d7-3d7,a4F-a2P,5/2-3/2,M1,6440.415113339087,forbidden,9.12e-10,58,1.0,a4F-a2P,NIST,--
[FeII]-6476,[Fe II],6475.676,2.02954815,3.9441623,0.176,8.3e-10,8-6,3d7-3d7,a2G-b2F,7/2-5/2,M1+E2,6473.886519131855,forbidden,6.64e-09,54,0.27745961449235695,a2G-b2F,NIST,--
[FeII]-6484,[Fe II],6484.084,2.58265947,4.49479059,0.054,3.4e-10,6-6,3d6(3P2)4s-3d6(3D)4s,b4P-b2D,5/2-5/2,M1+E2,6482.293159930348,forbidden,2.04e-09,12,1.0,b4P-b2D,NIST,--
[FeII]-6487,[Fe II],6487.09,2.70434897,4.6155941,0.7,2.2e-09,4-2,3d6(3P2)4s-3d6(1S2)4s,b4P-a2S,3/2-1/2,M1,6485.298152346485,forbidden,8.8e-09,10,1.0,b4P-a2S,NIST,--
[FeII]-6513,[Fe II],6513.014,2.82812245,4.7317602,0.169,8.06e-10,8-6,3d6(3F2)4s-3d6(1D2)4s,b4F-c2D,7/2-5/2,M1,6511.215086762427,forbidden,6.448e-09,2,1.0,b4F-c2D,NIST,--
[FeII]-6547,[Fe II],6546.58,2.84411707,4.7379945,0.226,9.7e-10,6-4,3d6(3F2)4s-3d6(1D2)4s,b4F-c2D,5/2-3/2,M1,6544.771666650175,forbidden,5.82e-09,2,1.0,b4F-c2D,NIST,--
[NII]-6550,[N II],6549.86,0.00604,1.89897,0.000984,1.05e-11,3-5,2s22p2-2s22p2,3P-1D,1-2,M1,6548.05098508419,forbidden,3.1499999999999995e-11,1,1.0,3P-1D,NIST,--
[FeII]-6560,[Fe II],6560.323,0.38651921,2.27642922,0.0248,1.6e-10,4-4,3d7-3d7,a4F-a2P,3/2-3/2,M1,6558.5110730522065,forbidden,6.4e-10,58,0.6748836417574878,a4F-a2P,NIST,--
Ha,H I,6564.632,10.1988358,12.0875052,44101000.0,0.64108,8-18,2-3,,,E1,6562.8190148899275,permitted,5.12864,0,1.0,2-3,NIST,--
[FeII]-6568,[Fe II],6568.201,2.84411707,4.7317602,0.022,1.4e-10,6-6,3d6(3F2)4s-3d6(1D2)4s,b4F-c2D,5/2-5/2,M1,6566.38715560117,forbidden,8.4e-10,2,1.0,b4F-c2D,NIST,--
[NII]-6585,[N II],6585.27,0.01622,1.89897,0.00291,1.89e-11,5-5,2s22p2-2s22p2,3P-1D,2-2,M1,6583.451467674058,forbidden,9.45e-11,1,1.0,3P-1D,NIST,--
[FeII]-6586,[Fe II],6586.218,2.85551515,4.7379945,0.133,8.6e-10,4-4,3d6(3F2)4s-3d6(1D2)4s,b4F-c2D,3/2-3/2,M1,6584.39941279825,forbidden,3.44e-09,2,1.0,b4F-c2D,NIST,--
HeI-6680,He I,6679.996,21.2180227112,23.07407479777,63705000.0,0.71028,3-5,1s2p-1s3d,1P*-1D,1-2,E1,6678.151639156857,permitted,2.13084,1,1.0,1P*,NIST,--
[FeII]-6691,[Fe II],6691.232,2.64185518,4.49479059,0.0542,5.46e-10,4-6,3d7-3d6(3D)4s,a2D2-b2D,3/2-5/2,M1+E2,6689.384478634511,forbidden,2.184e-09,37,0.2986651319531484,a2D2-b2D,NIST,--
[SII]-6718,[S II],6718.285,0.0,1.845474,0.000188,1.91e-12,4-6,3s23p3-3s23p3,4S*-2D*,3/2-5/2,E2,6716.430702873829,forbidden,7.64e-12,2,1.0,4S*-2D*,NIST,--
[FeII]-6732,[Fe II],6731.728,0.9863338,2.82812245,0.0203,1.38e-10,8-8,3d6(5D)4s-3d6(3F2)4s,a4D-b4F,7/2-7/2,M1,6729.869887261084,forbidden,1.104e-09,19,0.20273821900452954,a4D-b4F,NIST,--
[SII]-6733,[S II],6732.656,0.0,1.841535,0.000563,3.83e-12,4-4,3s23p3-3s23p3,4S*-2D*,3/2-3/2,M1,6730.797837602296,forbidden,1.532e-11,2,1.0,4S*-2D*,NIST,--
[FeII]-6748,[Fe II],6748.361,2.64185518,4.47910423,0.0453,3.09e-10,4-4,3d7-3d6(3D)4s,a2D2-b2D,3/2-3/2,E2,6746.498613267339,forbidden,1.236e-09,37,0.1134540788760579,a2D2-b2D,NIST,--
[FeII]-6749,[Fe II],6748.795,2.7784633,4.6155941,0.202,1.38e-09,2-2,3d6(3P2)4s-3d6(1S2)4s,b4P-a2S,1/2-1/2,M1,6746.93289641838,forbidden,2.76e-09,10,0.25751935148993416,b4P-a2S,NIST,--
[FeII]-6811,[Fe II],6811.118,0.9863338,2.80665448,0.0217,1.89e-10,8-10,3d6(5D)4s-3d6(3F2)4s,a4D-b4F,7/2-9/2,M1,6809.239230002549,forbidden,1.512e-09,19,1.0,a4D-b4F,NIST,--
[FeII]-6874,[Fe II],6874.083,1.04046986,2.84411707,0.0299,2.12e-10,6-6,3d6(5D)4s-3d6(3F2)4s,a4D-b4F,5/2-5/2,M1,6872.186386856196,forbidden,1.272e-09,19,0.1560218578305282,a4D-b4F,NIST,--
[FeII]-6876,[Fe II],6875.736,1.96448604,3.76769941,0.111,7.87e-10,10-10,3d7-3d6(3G)4s,a2G-b2G,9/2-9/2,E2,6873.839841747743,forbidden,7.87e-09,46,1.0,a2G-b2G,NIST,--
[FeII]-6925,[Fe II],6924.783,2.70434897,4.49479059,0.0118,1.27e-10,4-6,3d6(3P2)4s-3d6(3D)4s,b4P-b2D,3/2-5/2,M1,6922.873240703118,forbidden,5.08e-10,12,0.22921601317356788,b4P-b2D,NIST,--
[FeII]-6947,[Fe II],6946.826,2.02954815,3.81430861,0.11,7.96e-10,8-8,3d7-3d6(3G)4s,a2G-b2G,7/2-7/2,E2,6944.909907058415,forbidden,6.368e-09,46,0.2728719908389637,a2G-b2G,NIST,--
[FeII]-6968,[Fe II],6968.247,1.07624119,2.85551515,0.0313,2.28e-10,4-4,3d6(5D)4s-3d6(3F2)4s,a4D-b4F,3/2-3/2,M1,6966.3251402674505,forbidden,9.12e-10,19,0.1027182769234768,a4D-b4F,NIST,--
OI-7004,O I,7004.161,10.9888616,12.7590123,3530000.0,0.0363,5-7,2s22p3(4S*)3p-2s22p3(4S*)4d,3P-3D*,2-3,E1,7002.2297706686395,permitted,0.1815,1,1.0,3P,NIST,--
[ArV]-7008,[Ar V],7007.76,0.251534,2.020776,0.52,3.8e-09,5-5,3s23p2-3s23p2,3P-1D,2-2,M1,7005.827801599652,forbidden,1.9e-08,0,1.0,3P-1D,NIST,--
[FeII]-7050,[Fe II],7049.949,1.09686139,2.85551515,0.0194,2.89e-10,2-4,3d6(5D)4s-3d6(3F2)4s,a4D-b4F,1/2-3/2,M1,7048.005740730513,forbidden,5.78e-10,19,0.06323534770559984,a4D-b4F,NIST,--
HeI-7067,He I,7067.125,20.96408688908,22.718466419,15474000.0,0.069518,5-3,1s2p-1s3s,3P*-3S,2-1,E1,7065.17704504373,permitted,0.3475899999999999,2,1.0,3P*,NIST,--
[FeII]-7133,[Fe II],7133.108,2.02954815,3.76769941,0.0122,1.16e-10,8-10,3d7-3d6(3G)4s,a2G-b2G,7/2-9/2,E2,7131.141642561857,forbidden,9.28e-10,46,0.10084073558282965,a2G-b2G,NIST,--
[ArIII]-7138,[Ar III],7137.76,0.0,1.737019,0.321,2.45e-10,5-5,3s23p4-3s23p4,3P-1D,2-2,M1,7135.792789273431,forbidden,1.2249999999999994e-09,1,1.0,3P-1D,NIST,--
[FeII]-7157,[Fe II],7157.146,0.23217279,1.96448604,0.19,1.46e-09,10-10,3d7-3d7,a4F-a2G,9/2-9/2,M1,7155.174066616995,forbidden,1.4599999999999998e-08,57,1.0,a4F-a2G,NIST,--
[ArIV]-7173,[Ar IV],7172.67,2.6149,4.343464,0.81,6.2e-09,4-4,3s23p3-3s23p3,2D*-2P*,3/2-3/2,M1,7170.693384388342,forbidden,2.48e-08,0,1.0,2D*-2P*,NIST,--
[FeII]-7174,[Fe II],7173.975,0.30129858,2.02954815,0.06,4.64e-10,8-8,3d7-3d7,a4F-a2G,7/2-7/2,M1,7171.998332713768,forbidden,3.712e-09,57,0.09254781288518223,a4F-a2G,NIST,--
CII-7238,C II,7238.419,16.3331238,18.045987,41800000.0,0.492,4-6,2s23p-2s23d,2P*-2D,3/2-5/2,E1,7236.424668330691,permitted,1.968,0,1.0,2P*,NIST,--
OI-7256,O I,7256.447,10.9888616,12.6974691,3730000.0,0.0177,5-3,2s22p3(4S*)3p-2s22p3(4S*)5s,3P-3S*,2-1,E1,7254.447810009526,permitted,0.0885,1,1.0,3P,NIST,--
HeI-7283,He I,7283.357,21.2180227112,22.920317359,18299000.0,0.048509,3-1,1s2p-1s3s,1P*-1S,1-0,E1,7281.350678532363,permitted,0.145527,1,1.0,1P*,NIST,--
[OII]-7322,[O II],7322.01,3.324085,5.017394,0.0907,4.86e-10,6-4,2s22p3-2s22p3,2D*-2P*,5/2-3/2,E2,7319.99313918702,forbidden,2.916e-09,1,1.0,2D*-2P*,NIST,--
[OII]-7333,[O II],7332.75,3.326567,5.017394,0.0385,3.1e-10,4-4,2s22p3-2s22p3,2D*-2P*,3/2-3/2,E2,7330.730244140238,forbidden,1.24e-09,1,1.0,2D*-2P*,NIST,--
[FeII]-7373,[Fe II],7372.982,1.09686139,2.7784633,0.0226,1.84e-10,2-2,3d6(5D)4s-3d6(3P2)4s,a4D-b4P,1/2-1/2,M1,7370.950898565562,forbidden,3.68e-10,22,0.16179134677937287,a4D-b4P,NIST,--
[NiII]-7380,[Ni II],7379.86,0.0,1.680034,0.23,2.5e-09,6-8,3p63d9-3p63d8(3F)4s,2D-2F,5/2-7/2,E2,7377.827544128079,forbidden,1.5000000000000002e-08,0,1.0,2D-2F,NIST,--
[FeII]-7390,[Fe II],7390.202,0.35186476,2.02954815,0.0447,4.88e-10,6-8,3d7-3d7,a4F-a2G,5/2-7/2,M1,7388.167155751503,forbidden,2.928e-09,57,0.06820674253392532,a4F-a2G,NIST,--
[FeII]-7439,[Fe II],7439.045,2.82812245,4.49479059,0.0194,1.21e-10,8-6,3d6(3F2)4s-3d6(3D)4s,b4F-b2D,7/2-5/2,M1,7436.996886194624,forbidden,9.68e-10,0,1.0,b4F-b2D,NIST,--
[FeII]-7455,[Fe II],7454.614,0.30129858,1.96448604,0.0614,6.39e-10,8-10,3d7-3d7,a4F-a2G,7/2-9/2,M1,7452.560988086967,forbidden,5.112e-09,57,0.30961683890203523,a4F-a2G,NIST,--
FeII]-7455,Fe II,7454.691,11.4333753,13.0965456,700000.0,0.009,4-6,3d6(3P1)4p-3d6(5D)5d,u2D*-4G,3/2-5/2,E1,7452.637967322855,semi-forbidden,0.036,0,1.0,u2D*,NIST,--
NI-7470,N I,7470.369,10.3358956,11.9955753,19600000.0,0.109,6-4,2s22p2(3P)3s-2s22p2(3P)3p,4P-4S*,5/2-3/2,E1,7468.312139325792,permitted,0.654,1,1.0,4P,NIST,--
[SXII]-7613,[S XII],7613.1,0.0,1.62857,20.3,3.53e-07,2-4,2s22p-2s22p,2P*-2P*,1/2-3/2,M1,7611.004640062711,forbidden,7.06e-07,0,1.0,2P*-2P*,NIST,--
[FeII]-7615,[Fe II],7615.233,1.07624119,2.70434897,0.0164,1.43e-10,4-4,3d6(5D)4s-3d6(3P2)4s,a4D-b4P,3/2-3/2,M1,7613.136964629359,forbidden,5.72e-10,22,0.21013196727409067,a4D-b4P,NIST,--
[FeII]-7722,[Fe II],7722.282,2.54377802,4.14931647,0.0359,5.35e-10,6-10,3d7-3d6(1G2)4s,a2D2-c2G,5/2-9/2,E2,7720.156679699996,forbidden,3.2100000000000003e-09,30,1.0,a2D2-c2G,NIST,--
[ArIII]-7753,[Ar III],7753.24,0.1378915,1.737019,0.083,1.2e-09,3-5,3s23p4-3s23p4,3P-1D,1-2,M1,7751.106824597723,forbidden,3.6e-09,1,1.0,3P-1D,NIST,--
[FeII]-7767,[Fe II],7766.849,0.9863338,2.58265947,0.0141,9.6e-11,8-6,3d6(5D)4s-3d6(3P2)4s,a4D-b4P,7/2-5/2,M1,7764.711751680899,forbidden,7.68e-10,22,1.0,a4D-b4P,NIST,--
OI-7778,O I,7777.527,9.1460911,10.740225,36900000.0,0.201,5-3,2s22p3(4S*)3s-2s22p3(4S*)3p,5S*-5P,2-1,E1,7775.387269522968,permitted,1.005,0,1.0,5S*,NIST,--
HeI-7818,He I,7818.288,22.718466419,24.30428920147,257480.0,0.0039325,3-5,1s3s-1s7p,3S-3P*,1-2,E1,7816.13765706168,permitted,0.0117975,0,1.0,3S,NIST,--
ArI-7870,Ar I,7870.359,13.2730381,14.84836899,350000.0,0.00975,1-3,3s23p5(2P*<3/2>)4p-3s23p5(2P*<3/2>)6s,2[1/2]-2[3/2]*,0-1,E1,7868.1943102621135,permitted,0.00975,0,1.0,2[1/2],NIST,--
[FeII]-7877,[Fe II],7876.787,2.57958587,4.15363129,0.0121,9e-11,10-8,3d7-3d6(1G2)4s,a2H-c2G,9/2-7/2,M1+E2,7874.620074990663,forbidden,9e-10,32,0.550567285589476,a2H-c2G,NIST,--
[NiIII]-7892,[Ni III],7892.1,0.16871,1.7397,0.48,3.2e-09,7-5,3p63d8-3p63d8,3F-1D,3-2,M1,7889.929340625063,forbidden,2.24e-08,0,1.0,3F-1D,NIST,--
[FeXI]-7894,[Fe XI],7894.0,0.0,1.57062,43.7,2.45e-07,5-3,3s23p4-3s23p4,3P-3P,2-1,M1,7891.828827645272,forbidden,1.225e-06,0,1.0,3P-3P,NIST,--
[FeII]-7898,[Fe II],7898.438,2.57958587,4.14931647,0.0114,1.07e-10,10-10,3d7-3d6(1G2)4s,a2H-c2G,9/2-9/2,M1+E2,7896.265629422949,forbidden,1.07e-09,32,1.0,a2H-c2G,NIST,--
[FeII]-7977,[Fe II],7977.411,2.52186911,4.07605998,0.0812,9.04e-10,12-14,3d7-3d6(1I)4s,a2H-a2I,11/2-13/2,E2,7975.217605096884,forbidden,1.0848e-08,34,1.0,a2H-a2I,NIST,--
OI-7989,O I,7989.174,10.9887923,12.5406949,41900.0,0.000668,3-5,2s22p3(4S*)3p-2s22p3(2D*)3s,3P-3D*,1-2,E1,7986.97712858639,permitted,0.0020039999999999,1,1.0,3P,NIST,--
[FeII]-8047,[Fe II],8047.045,3.19725263,4.7379945,0.034,3.3e-10,4-4,3d6(3P2)4s-3d6(1D2)4s,b2P-c2D,3/2-3/2,M1,8044.832799168223,forbidden,1.32e-09,7,0.364068319206453,b2P-c2D,NIST,--
[FeII]-8080,[Fe II],8079.738,3.19725263,4.7317602,0.036,5.3e-10,4-6,3d6(3P2)4s-3d6(1D2)4s,b2P-c2D,3/2-5/2,M1+E2,8077.517068730135,forbidden,2.12e-09,7,1.0,b2P-c2D,NIST,--
[FeII]-8201,[Fe II],8201.228,2.64185518,4.15363129,0.0254,5.12e-10,4-8,3d7-3d6(1G2)4s,a2D2-c2G,3/2-7/2,E2,8198.97334857871,forbidden,2.048e-09,30,0.39891143988872035,a2D2-c2G,NIST,--
[FeII]-8230,[Fe II],8230.397,1.07624119,2.58265947,0.0106,1.61e-10,4-6,3d6(5D)4s-3d6(3P2)4s,a4D-b4P,3/2-5/2,M1,8228.134567242227,forbidden,6.44e-10,22,0.2542100341242063,a4D-b4P,NIST,--
Pa40,H I,8252.242,12.0875052,13.58993566,0.0,0.0,18-3200,3-40,,,E1,8249.974064399621,permitted,0.0,0,1.0,3-40,NIST,--
Pa39,H I,8254.667,12.0875052,13.58949423,0.0,0.0,18-3042,3-39,,,E1,8252.398409123329,permitted,0.0,0,1.0,3-39,NIST,--
Pa38,H I,8257.288,12.0875052,13.5890175,0.0,0.0,18-2888,3-38,,,E1,8255.01870088061,permitted,0.0,0,1.0,3-38,NIST,--
Pa37,H I,8260.126,12.0875052,13.58850159,0.0,0.0,18-2738,3-37,,,E1,8257.855933995921,permitted,0.0,0,1.0,3-37,NIST,--
[FeII]-8262,[Fe II],8261.65,2.57958587,4.0803055,0.0714,8.77e-10,10-12,3d7-3d6(1I)4s,a2H-a2I,9/2-11/2,E2,8259.379422205537,forbidden,8.77e-09,34,0.7383770462375573,a2H-a2I,NIST,--
Pa36,H I,8263.206,12.0875052,13.58794208,0.0,0.0,18-2592,3-36,,,E1,8260.935101712616,permitted,0.0,0,1.0,3-36,NIST,--
Pa35,H I,8266.557,12.0875052,13.58733395,0.0,0.0,18-2450,3-35,,,E1,8264.285196192874,permitted,0.0,0,1.0,3-35,NIST,--
Pa34,H I,8270.21,12.0875052,13.58667137,0.0,0.0,18-2312,3-34,,,E1,8267.937209058071,permitted,0.0,0,1.0,3-34,NIST,--
Pa33,H I,8274.205,12.0875052,13.58594765,0.0,0.0,18-2178,3-33,,,E1,8271.93112949712,permitted,0.0,0,1.0,3-33,NIST,--
Pa32,H I,8278.584,12.0875052,13.58515502,0.0,0.0,18-2048,3-32,,,E1,8276.308946157902,permitted,0.0,0,1.0,3-32,NIST,--
Pa31,H I,8283.399,12.0875052,13.58428445,0.0,0.0,18-1922,3-31,,,E1,8281.1226449853,permitted,0.0,0,1.0,3-31,NIST,--
Pa30,H I,8288.71,12.0875052,13.58332538,0.0,0.0,18-1800,3-30,,,E1,8286.432209761415,permitted,0.0,0,1.0,3-30,NIST,--
Pa29,H I,8294.588,12.0875052,13.58226541,0.0,0.0,18-1682,3-29,,,E1,8292.308621294578,permitted,0.0,0,1.0,3-29,NIST,--
Pa28,H I,8301.116,12.0875052,13.58108984,0.0,0.0,18-1568,3-28,,,E1,8298.834857148715,permitted,0.0,0,1.0,3-28,NIST,--
[FeII]-8308,[Fe II],8308.313,2.65702556,4.14931647,0.233,2.01e-09,12-10,3d6(3H)4s-3d6(1G2)4s,a4H-c2G,11/2-9/2,M1,8306.029812208817,forbidden,2.412e-08,4,1.0,a4H-c2G,NIST,--
Pa27,H I,8308.395,12.0875052,13.57978125,0.0,0.0,18-1458,3-27,,,E1,8306.111890021375,permitted,0.0,0,1.0,3-27,NIST,--
Pa26,H I,8316.546,12.0875052,13.57831878,0.0,0.0,18-1352,3-26,,,E1,8314.260687202486,permitted,0.0,0,1.0,3-26,NIST,--
Pa25,H I,8325.713,12.0875052,13.57667733,0.0,0.0,18-1250,3-25,,,E1,8323.425209762616,permitted,0.0,0,1.0,3-25,NIST,--
Pa24,H I,8336.074,12.0875052,13.57482645,0.0,0.0,18-1152,3-24,,,E1,8333.783409578771,permitted,0.0,0,1.0,3-24,NIST,--
Pa23,H I,8347.846,12.0875052,13.57272894,0.0,0.0,18-1058,3-23,,,E1,8345.552227981074,permitted,0.0,0,1.0,3-23,NIST,--
Pa22,H I,8361.301,12.0875052,13.57033894,0.0,0.0,18-968,3-22,,,E1,8359.003591425602,permitted,0.0,0,1.0,3-22,NIST,--
Pa21,H I,8376.777,12.0875052,13.56759946,0.0,0.0,18-882,3-21,,,E1,8374.475408517144,permitted,0.0,0,1.0,3-21,NIST,--
[FeII]-8389,[Fe II],8389.486,2.67577925,4.15363129,0.152,1.28e-09,10-8,3d6(3H)4s-3d6(1G2)4s,a4H-c2G,9/2-7/2,M1,8387.181473247558,forbidden,1.28e-08,4,0.6136685662502712,a4H-c2G,NIST,--
Pa20,H I,8394.703,12.0875052,13.56443886,1516.7,0.00071215,18-800,3-20,,,E1,8392.396563245888,permitted,0.0128187,0,1.0,3-20,NIST,--
[FeII]-8414,[Fe II],8414.053,2.67577925,4.14931647,0.023,2.4e-10,10-10,3d6(3H)4s-3d6(1G2)4s,a4H-c2G,9/2-9/2,M1,8411.741032957458,forbidden,2.4e-09,4,0.11561714966409822,a4H-c2G,NIST,--
Pa19,H I,8415.63,12.0875052,13.56076619,1964.3,0.00083653,18-722,3-19,,,E1,8413.317906598848,permitted,0.01505754,0,1.0,3-19,NIST,--
Pa18,H I,8440.274,12.0875052,13.55646454,2580.4,0.00099207,18-648,3-18,,,E1,8437.955244922085,permitted,0.01785726,0,1.0,3-18,NIST,--
OI-8449,O I,8449.079,9.5213638,10.9887923,32200000.0,0.345,3-3,2s22p3(4S*)3s-2s22p3(4S*)3p,3S*-3P,1-1,E1,8446.75786470549,permitted,1.035,0,1.0,3S*,NIST,--
Pa17,H I,8469.581,12.0875052,13.55138166,3444.2,0.0011893,18-578,3-17,,,E1,8467.25432232682,permitted,0.0214074,0,1.0,3-17,NIST,--
[FeII]-8482,[Fe II],8482.196,2.69193206,4.15363129,0.127,1.37e-09,8-8,3d6(3H)4s-3d6(1G2)4s,a4H-c2G,7/2-7/2,M1,8479.866211874438,forbidden,1.096e-08,4,0.4232755845754482,a4H-c2G,NIST,--
CaII-8500,Ca II,8500.36,1.692408,3.150984,1110000.0,0.012,4-4,3p63d-3p64p,2D-2P*,3/2-3/2,E1,8498.025001302654,permitted,0.048,1,1.0,2D,NIST,--
Pa16,H I,8504.819,12.0875052,13.54531624,4680.1,0.0014435,18-512,3-16,,,E1,8502.482795781107,permitted,0.025983,0,1.0,3-16,NIST,--
[FeII]-8507,[Fe II],8507.309,2.69193206,4.14931647,0.0159,2.16e-10,8-10,3d6(3H)4s-3d6(1G2)4s,a4H-c2G,7/2-9/2,M1,8504.972322533653,forbidden,1.728e-09,4,0.030967151952107717,a4H-c2G,NIST,--
CaII-8544,Ca II,8544.44,1.699932,3.150984,9900000.0,0.072,6-4,3p63d-3p64p,2D-2P*,5/2-3/2,E1,8542.093083503807,permitted,0.4319999999999999,1,1.0,2D,NIST,--
Pa15,H I,8547.731,12.0875052,13.53799772,6490.1,0.0017772,18-450,3-15,,,E1,8545.383193683076,permitted,0.0319896,0,1.0,3-15,NIST,--
[FeII]-8577,[Fe II],8577.21,2.52186911,3.96737644,0.0482,3.54e-10,12-8,3d7-3d7,a2H-b2F,11/2-7/2,E2,8574.85412292307,forbidden,4.248e-09,55,1.0,a2H-b2F,NIST,--
[ClII]-8581,[Cl II],8581.05,0.0,1.44486,0.103,1.14e-09,5-5,3s23p4-3s23p4,3P-1D,2-2,M1,8578.69318457016,forbidden,5.7e-09,0,1.0,3P-1D,NIST,--
Pa14,H I,8600.754,12.0875052,13.52905552,9211.7,0.0022246,18-392,3-14,,,E1,8598.391856540049,permitted,0.0400428,0,1.0,3-14,NIST,--
[FeII]-8603,[Fe II],8602.848,2.63486052,4.07605998,0.109,1.21e-09,14-14,3d6(3H)4s-3d6(1I)4s,a4H-a2I,13/2-13/2,M1,8600.48519033039,forbidden,1.6939999999999998e-08,5,1.0,a4H-a2I,NIST,--
[FeII]-8619,[Fe II],8619.317,0.23217279,1.67061856,0.032,2.14e-10,10-6,3d7-3d7,a4F-a4P,9/2-5/2,E2,8616.949636910822,forbidden,2.14e-09,59,1.0,a4F-a4P,NIST,--
CaII-8665,Ca II,8664.52,1.692408,3.123349,10600000.0,0.0597,4-2,3p63d-3p64p,2D-2P*,3/2-1/2,E1,8662.140612624033,permitted,0.2388,1,1.0,2D,NIST,--
Pa13,H I,8667.398,12.0875052,13.51797128,13431.0,0.0028402,18-338,3-13,,,E1,8665.01783429231,permitted,0.0511236,0,1.0,3-13,NIST,--
NI-8683,N I,8682.666,10.3358956,11.7638464,25300000.0,0.381,6-8,2s22p2(3P)3s-2s22p2(3P)3p,4P-4D*,5/2-7/2,E1,8680.28170511596,permitted,2.286,1,1.0,4P,NIST,--
NI-8706,N I,8705.637,10.3259087,11.7500916,21600000.0,0.245,2-2,2s22p2(3P)3s-2s22p2(3P)3p,4P-4D*,1/2-1/2,E1,8703.246492470551,permitted,0.49,1,1.0,4P,NIST,--
[FeII]-8711,[Fe II],8711.161,2.65702556,4.0803055,0.0401,4.6e-10,12-12,3d6(3H)4s-3d6(1I)4s,a4H-a2I,11/2-11/2,M1,8708.768598540406,forbidden,5.52e-09,5,0.33403711300166483,a4H-a2I,NIST,--
NI-8714,N I,8714.096,10.3300944,11.7528949,12900000.0,0.146,4-4,2s22p2(3P)3s-2s22p2(3P)3p,4P-4D*,3/2-3/2,E1,8711.703204616771,permitted,0.584,1,1.0,4P,NIST,--
[FeII]-8718,[Fe II],8718.191,1.96448604,3.38661825,0.062,5.65e-10,10-8,3d7-3d6(3F2)4s,a2G-a2F,9/2-7/2,M1+E2,8715.796797135656,forbidden,5.65e-09,43,1.0,a2G-a2F,NIST,--
[FeII]-8737,[Fe II],8737.223,2.65702556,4.07605998,0.0439,5.86e-10,12-14,3d6(3H)4s-3d6(1I)4s,a4H-a2I,11/2-13/2,M1,8734.823649499449,forbidden,7.0320000000000005e-09,5,0.3938481688184338,a4H-a2I,NIST,--
[FeII]-8741,[Fe II],8741.491,3.19725263,4.6155941,0.223,1.28e-09,4-2,3d6(3P2)4s-3d6(1S2)4s,b2P-a2S,3/2-1/2,M1,8739.090795016371,forbidden,5.12e-09,9,1.0,b2P-a2S,NIST,--
Pa12,H I,8752.876,12.0875052,13.50400193,20207.0,0.0037133,18-288,3-12,,,E1,8750.47271557575,permitted,0.0668394,0,1.0,3-12,NIST,--
[FeII]-8827,[Fe II],8827.475,2.67577925,4.0803055,0.0424,5.94e-10,10-12,3d6(3H)4s-3d6(1I)4s,a4H-a2I,9/2-11/2,M1,8825.051436339385,forbidden,5.9400000000000006e-09,5,0.3329075287580665,a4H-a2I,NIST,--
[FeII]-8854,[Fe II],8853.584,2.54377802,3.9441623,0.021,2.4e-10,6-6,3d7-3d7,a2D2-b2F,5/2-5/2,M1,8851.15347311629,forbidden,1.44e-09,0,1.0,a2D2-b2F,NIST,--
[FeII]-8864,[Fe II],8863.859,3.33923354,4.7379945,0.0146,3.4e-10,2-4,3d6(3P2)4s-3d6(1D2)4s,b2P-c2D,1/2-3/2,M1,8861.425693360416,forbidden,6.8e-10,7,0.17331593235877948,b2P-c2D,NIST,--
Pa11,H I,8865.216,12.0875052,13.48605194,31558.0,0.0049988,18-242,3-11,,,E1,8862.782326239552,permitted,0.0899784,0,1.0,3-11,NIST,--
[FeII]-8888,[Fe II],8888.104,2.02954815,3.42449356,0.0525,4.66e-10,8-6,3d7-3d6(3F2)4s,a2G-a2F,7/2-5/2,M1+E2,8885.664134022301,forbidden,3.728e-09,43,0.3574490128850059,a2G-a2F,NIST,--
[FeII]-8894,[Fe II],8894.37,0.30129858,1.6952613,0.0206,1.224e-10,8-4,3d7-3d7,a4F-a4P,7/2-3/2,E2,8891.928138830417,forbidden,9.792e-10,59,0.36395509159330414,a4F-a4P,NIST,--
Pa10,H I,9017.384,12.0875052,13.46245155,51558.0,0.0069831,18-200,3-10,,,E1,9014.909153531247,permitted,0.1256958,0,1.0,3-10,NIST,--
[FeII]-9036,[Fe II],9035.971,0.35186476,1.72398297,0.0151,6.16e-11,6-2,3d7-3d7,a4F-a4P,5/2-1/2,E2,9033.49072376207,forbidden,3.696e-10,59,0.11383590283366847,a4F-a4P,NIST,--
[SIII]-9071,[S III],9071.1,0.037033,1.40384,0.0185,3.8e-10,3-5,3s23p2-3s23p2,3P-1D,1-2,M1,9068.610616885077,forbidden,1.14e-09,1,1.0,3P-1D,NIST,--
[FeII]-9086,[Fe II],9085.911,2.57958587,3.9441623,0.0376,2.79e-10,10-6,3d7-3d7,a2H-b2F,9/2-5/2,E2,9083.417608503232,forbidden,2.79e-09,55,0.25642791363001444,a2H-b2F,NIST,--
[FeII]-9136,[Fe II],9136.168,2.02954815,3.38661825,0.0125,1.56e-10,8-8,3d7-3d6(3F2)4s,a2G-a2F,7/2-7/2,M1+E2,9133.660606576652,forbidden,1.248e-09,43,0.16681169522272266,a2G-a2F,NIST,--
[FeII]-9205,[Fe II],9204.628,2.80665448,4.15363129,0.0354,3.6e-10,10-8,3d6(3F2)4s-3d6(1G2)4s,b4F-c2G,9/2-7/2,M1,9202.101976201024,forbidden,3.6e-09,3,0.04396483959124294,b4F-c2G,NIST,--
[FeII]-9217,[Fe II],9217.183,3.38661825,4.7317602,0.0444,4.24e-10,8-6,3d6(3F2)4s-3d6(1D2)4s,a2F-c2D,7/2-5/2,M1,9214.654077528705,forbidden,3.392e-09,1,1.0,a2F-c2D,NIST,--
[FeII]-9229,[Fe II],9229.159,0.35186476,1.6952613,0.012,1.021e-10,6-4,3d7-3d7,a4F-a4P,5/2-3/2,E2,9226.626535742456,forbidden,6.126e-10,59,0.20494385780538643,a4F-a4P,NIST,--
Pa9,H I,9231.546,12.0875052,13.43055424,89050.0,0.010239,18-162,3-9,,,E1,9229.01318950036,permitted,0.184302,0,1.0,3-9,NIST,--
[FeII]-9234,[Fe II],9234.208,2.80665448,4.14931647,0.33,4.22e-09,10-10,3d6(3F2)4s-3d6(1G2)4s,b4F-c2G,9/2-9/2,M1,9231.674268948336,forbidden,4.22e-08,3,1.0,b4F-c2G,NIST,--
[FeII]-9270,[Fe II],9270.098,0.38651921,1.72398297,0.02,1.287e-10,4-2,3d7-3d7,a4F-a4P,3/2-1/2,E2,9267.554553203056,forbidden,5.148e-10,59,0.1461005435731461,a4F-a4P,NIST,--
[FeII]-9354,[Fe II],9353.706,2.82812245,4.15363129,0.126,1.65e-09,8-8,3d6(3F2)4s-3d6(1G2)4s,b4F-c2G,7/2-7/2,M1,9351.140017709567,forbidden,1.32e-08,3,0.30197783813441814,b4F-c2G,NIST,--
[FeII]-9384,[Fe II],9384.254,2.82812245,4.14931647,0.111,1.83e-09,8-10,3d6(3F2)4s-3d6(1G2)4s,b4F-c2G,7/2-9/2,M1,9381.679546707315,forbidden,1.464e-08,3,0.31991586799127475,b4F-c2G,NIST,--
[FeII]-9387,[Fe II],9387.34,2.58265947,3.90341906,0.0426,7.5e-10,6-8,3d6(3P2)4s-3d6(3D)4s,b4P-b4D,5/2-7/2,M1,9384.765410944085,forbidden,4.5e-09,13,1.0,b4P-b4D,NIST,--
[FeII]-9439,[Fe II],9439.216,3.42449356,4.7379945,0.0388,3.46e-10,6-4,3d6(3F2)4s-3d6(1D2)4s,a2F-c2D,5/2-3/2,M1,9436.62696440947,forbidden,2.076e-09,1,1.0,a2F-c2D,NIST,--
[FeII]-9468,[Fe II],9467.954,2.84411707,4.15363129,0.0813,1.46e-09,6-8,3d6(3F2)4s-3d6(1G2)4s,b4F-c2G,5/2-7/2,M1,9465.3567825823,forbidden,8.76e-09,3,0.2059651618050468,b4F-c2G,NIST,--
[FeII]-9472,[Fe II],9472.006,2.58265947,3.89161339,0.0272,3.66e-10,6-6,3d6(3P2)4s-3d6(3D)4s,b4P-b4D,5/2-5/2,M1,9469.408385130067,forbidden,2.196e-09,13,0.42778338124669957,b4P-b4D,NIST,--
[FeII]-9484,[Fe II],9484.232,3.42449356,4.7317602,0.081,1.09e-09,6-6,3d6(3F2)4s-3d6(1D2)4s,a2F-c2D,5/2-5/2,M1,9481.630774429634,forbidden,6.539999999999999e-09,1,1.0,a2F-c2D,NIST,--
[FeII]-9493,[Fe II],9493.158,2.58265947,3.88869686,0.0172,1.55e-10,6-4,3d6(3P2)4s-3d6(3D)4s,b4P-b4D,5/2-3/2,M1,9490.554757138552,forbidden,9.299999999999999e-10,13,0.13773409445307816,b4P-b4D,NIST,--
[FeII]-9516,[Fe II],9516.451,1.96448604,3.26732671,0.0157,2.13e-10,10-10,3d7-3d6(3H)4s,a2G-b2H,9/2-9/2,M1+E2,9513.841449194731,forbidden,2.13e-09,49,0.5544856275334694,a2G-b2H,NIST,--
HeI-9519,He I,9519.176,23.00707314571,24.3095408973,1243900.0,0.023658,5-7,1s3p-1s7d,3P*-3D,2-3,E1,9516.565374319294,permitted,0.1182899999999999,6,1.0,3P*,NIST,--
[SIII]-9533,[S III],9533.2,0.103289,1.40384,0.0478,6.51e-10,5-5,3s23p2-3s23p2,3P-1D,2-2,M1,9530.58551340415,forbidden,3.255e-09,1,1.0,3P-1D,NIST,--
PaE,H I,9548.588,12.0875052,13.38596103,165060.0,0.016044,18-128,3-8,,,E1,9545.96934599338,permitted,0.288792,0,1.0,3-8,NIST,--
[FeII]-9555,[Fe II],9555.343,3.19725263,4.49479059,0.0174,3.57e-10,4-6,3d6(3P2)4s-3d6(3D)4s,b2P-b2D,3/2-5/2,M1+E2,9552.722216643328,forbidden,1.428e-09,11,0.5247012351852455,b2P-b2D,NIST,--
[FeII]-9672,[Fe II],9672.274,3.19725263,4.47910423,0.0702,9.85e-10,4-4,3d6(3P2)4s-3d6(3D)4s,b2P-b2D,3/2-3/2,M1,9669.62184592237,forbidden,3.94e-09,11,1.0,b2P-b2D,NIST,--
[FeII]-9685,[Fe II],9684.73,1.96448604,3.24468891,0.0157,2.65e-10,10-12,3d7-3d6(3H)4s,a2G-b2H,9/2-11/2,M1+E2,9682.07497180066,forbidden,2.65e-09,49,1.0,a2G-b2H,NIST,--
[FeII]-9714,[Fe II],9713.885,3.33923354,4.6155941,0.212,3e-09,2-2,3d6(3P2)4s-3d6(1S2)4s,b2P-a2S,1/2-1/2,M1,9711.221574436277,forbidden,6e-09,9,0.8589921427135523,b2P-a2S,NIST,--
[FeII]-9798,[Fe II],9797.868,1.07624119,2.34166141,0.015,1.07e-10,4-2,3d6(5D)4s-3d7,a4D-a2P,3/2-1/2,M1,9795.181423580822,forbidden,4.28e-10,24,0.4147950557350473,a4D-a2P,NIST,--
[CI]-9827,[C I],9826.812,0.002035413,1.2637284,7.3e-05,1.8e-12,3-5,2s22p2-2s22p2,3P-1D,1-2,M1,9824.117981988413,forbidden,5.4000000000000004e-12,1,1.0,3P-1D,NIST,--
[CI]-9853,[C I],9852.951,0.0053825826,1.2637284,0.00022,3.2e-12,5-5,2s22p2-2s22p2,3P-1D,2-2,M1,9850.249900187317,forbidden,1.6e-11,1,1.0,3P-1D,NIST,--
[SVIII]-9916,[S VIII],9916.0,0.0,1.2504,18.4,1.36e-07,4-2,2s22p5-2s22p5,2P*-2P*,3/2-1/2,M1,9913.281817467718,forbidden,5.44e-07,0,1.0,2P*-2P*,NIST,--
[FeII]-9952,[Fe II],9951.933,2.52186911,3.76769941,0.0307,3.8e-10,12-10,3d7-3d6(3G)4s,a2H-b2G,11/2-9/2,E2,9949.205281008475,forbidden,4.56e-09,47,1.0,a2H-b2G,NIST,--
[FeII]-10017,[Fe II],10016.67,2.02954815,3.26732671,0.0139,2.61e-10,8-10,3d7-3d6(3H)4s,a2G-b2H,7/2-9/2,M1+E2,10013.924938754011,forbidden,2.088e-09,49,0.5750804153158131,a2G-b2H,NIST,--
HeI-10030,He I,10030.462,23.07365070854,24.3097274083893,1218300.0,0.023626,7-9,1s3d-1s7f,3D-3F*,3-4,E1,10027.712377895745,permitted,0.165382,5,1.0,3D,NIST,--
[FeII]-10031,[Fe II],10031.414,1.04046986,2.27642922,0.0148,1.49e-10,6-4,3d6(5D)4s-3d7,a4D-a2P,5/2-3/2,M1,10028.664443424195,forbidden,8.94e-10,24,1.0,a4D-a2P,NIST,--
[FeII]-10041,[Fe II],10041.461,2.57958587,3.81430861,0.0268,3.24e-10,10-8,3d7-3d6(3G)4s,a2H-b2G,9/2-7/2,E2,10038.70852080973,forbidden,3.24e-09,47,0.26717421843247763,a2H-b2G,NIST,--
PaD,H I,10052.123,12.0875052,13.32091817,335850.0,0.0277,18-98,3-7,,,E1,10049.367931363788,permitted,0.4986,0,1.0,3-7,NIST,--
[SII]-10290,[S II],10289.57,1.841535,3.046485,0.0623,9.89e-10,4-4,3s23p3-3s23p3,2D*-2P*,3/2-3/2,M1,10286.750574921676,forbidden,3.956e-09,1,1.0,2D*-2P*,NIST,--
HeI-10314,He I,10314.053,23.00707314571,24.209163110443,1994600.0,0.044535,5-7,1s3p-1s6d,3P*-3D,2-3,E1,10311.227135151525,permitted,0.2226749999999999,6,1.0,3P*,NIST,--
[SII]-10323,[S II],10323.32,1.845474,3.046485,0.122,1.3e-09,6-4,3s23p3-3s23p3,2D*-2P*,5/2-3/2,E2,10320.49142611172,forbidden,7.8e-09,1,1.0,2D*-2P*,NIST,--
[SII]-10339,[S II],10339.24,1.841535,3.040696,0.104,8.33e-10,4-2,3s23p3-3s23p3,2D*-2P*,3/2-1/2,E2,10336.407110468424,forbidden,3.332e-09,1,1.0,2D*-2P*,NIST,--
[FeII]-10464,[Fe II],10464.183,2.70434897,3.8891925,0.0376,3.09e-10,4-2,3d6(3P2)4s-3d6(3D)4s,b4P-b4D,3/2-1/2,M1,10461.316237997931,forbidden,1.236e-09,13,0.09939741172178844,b4P-b4D,NIST,--
[FeII]-10469,[Fe II],10468.562,2.70434897,3.88869686,0.0372,6.11e-10,4-4,3d6(3P2)4s-3d6(3D)4s,b4P-b4D,3/2-3/2,M1,10465.694450647448,forbidden,2.444e-09,13,0.25877645945370076,b4P-b4D,NIST,--
[FeXIII]-10750,[Fe XIII],10749.8,0.0,1.15336,14.0,7.28e-07,1-3,3s23p2-3s23p2,3P-3P,0-1,M1,10746.855790082302,forbidden,7.28e-07,0,1.0,3P-3P,NIST,--
HeI-10833,He I,10833.306,19.819614525,20.96408688908,10216000.0,0.29958,3-5,1s2s-1s2p,3S-3P*,1-2,E1,10830.339596416345,permitted,0.8987400000000001,4,1.0,3S,NIST,--
[FeII]-10877,[Fe II],10877.041,3.33923354,4.47910423,0.0158,5.6e-10,2-4,3d6(3P2)4s-3d6(3D)4s,b2P-b2D,1/2-3/2,M1,10874.062280529592,forbidden,1.12e-09,11,0.20414405086538104,b2P-b2D,NIST,--
[FeII]-10890,[Fe II],10889.855,2.67577925,3.81430861,0.0225,3.2e-10,10-8,3d6(3H)4s-3d6(3G)4s,a4H-b2G,9/2-7/2,M1,10886.872904939522,forbidden,3.199999999999999e-09,6,0.3116995547661613,a4H-b2G,NIST,--
HeI-10916,He I,10915.982,23.07365070854,24.2094550264796,2164400.0,0.049712,7-9,1s3d-1s6f,3D-3F*,3-4,E1,10912.993029185956,permitted,0.347984,5,1.0,3D,NIST,--
HeI-10920,He I,10920.053,23.07407479777,24.2094557657828,1608300.0,0.040253,5-7,1s3d-1s6f,1D-1F*,2-3,E1,10917.062171671343,permitted,0.2012649999999999,0,1.0,1D,NIST,--
PaG,H I,10941.082,12.0875052,13.22070389,778290.0,0.05587,18-72,3-6,,,E1,10938.085910175729,permitted,1.00566,0,1.0,3-6,NIST,--
[FeII]-11047,[Fe II],11046.578,2.69193206,3.81430861,0.015,2.74e-10,8-8,3d6(3H)4s-3d6(3G)4s,a4H-b2G,7/2-7/2,M1,11043.55299355634,forbidden,2.192e-09,6,0.22260536035685874,a4H-b2G,NIST,--
[FeII]-11162,[Fe II],11162.415,2.7784633,3.8891925,0.0546,1.02e-09,2-2,3d6(3P2)4s-3d6(3D)4s,b4P-b4D,1/2-1/2,M1,11159.358868653013,forbidden,2.04e-09,13,0.13743256877883556,b4P-b4D,NIST,--
[FeII]-11163,[Fe II],11162.971,2.65702556,3.76769941,0.0225,3.5e-10,12-10,3d6(3H)4s-3d6(3G)4s,a4H-b2G,11/2-9/2,M1,11159.914617838263,forbidden,4.1999999999999996e-09,6,1.0,a4H-b2G,NIST,--
OI-11290,O I,11290.005,10.9888616,12.0870382,30900000.0,0.827,5-7,2s22p3(4S*)3p-2s22p3(4S*)3d,3P-3D*,2-3,E1,11286.91425185982,permitted,4.135,1,1.0,3P,NIST,--
[FeII]-11305,[Fe II],11304.541,2.80665448,3.90341906,0.0135,2.07e-10,10-8,3d6(3F2)4s-3d6(3D)4s,b4F-b4D,9/2-7/2,M1+E2,11301.446007907876,forbidden,2.07e-09,0,1.0,b4F-b4D,NIST,--
PaB,H I,12821.576,12.0875052,13.0545017,2200800.0,0.15066,18-50,3-5,,,E1,12818.069467120406,permitted,2.71188,0,1.0,3-5,NIST,--
OI-13168,O I,13168.459,10.9888616,11.9303856,11900000.0,0.186,5-3,2s22p3(4S*)3p-2s22p3(4S*)4s,3P-3S*,2-1,E1,13164.858242596272,permitted,0.93,1,1.0,3P,NIST,--
Br20,H I,15196.013,12.7485393,13.56443886,1178.4,0.0010198,32-800,4-20,,,E1,15191.861198816358,permitted,0.0326336,0,1.0,4-20,NIST,--
Br19,H I,15264.725,12.7485393,13.56076619,1528.9,0.0012049,32-722,4-19,,,E1,15260.554517037725,permitted,0.0385568,0,1.0,4-19,NIST,--
Br18,H I,15345.999,12.7485393,13.55646454,2012.8,0.0014389,32-648,4-18,,,E1,15341.806419301043,permitted,0.0460448,0,1.0,4-18,NIST,--
Br17,H I,15443.156,12.7485393,13.55138166,2693.5,0.0017393,32-578,4-17,,,E1,15438.937002357,permitted,0.0556576,0,1.0,4-17,NIST,--
Br16,H I,15560.716,12.7485393,13.54531624,3671.4,0.0021322,32-512,4-16,,,E1,15556.465036776432,permitted,0.0682304,0,1.0,4-16,NIST,--
Br15,H I,15704.969,12.7485393,13.53799772,5110.6,0.0026572,32-450,4-15,,,E1,15700.678811574362,permitted,0.0850304,0,1.0,4-15,NIST,--
Br14,H I,15884.898,12.7485393,13.52905552,7287.9,0.0033769,32-392,4-14,,,E1,15880.55888302523,permitted,0.1080608,0,1.0,4-14,NIST,--
Br13,H I,16113.731,12.7485393,13.51797128,10689.0,0.0043945,32-338,4-13,,,E1,16109.329652254162,permitted,0.140624,0,1.0,4-13,NIST,--
Br12,H I,16411.692,12.7485393,13.50400193,16205.0,0.0058887,32-288,4-12,,,E1,16407.209616402488,permitted,0.1884384,0,1.0,4-12,NIST,--
Br11,H I,16811.129,12.7485393,13.48605194,25565.0,0.0081908,32-242,4-11,,,E1,16806.537972557617,permitted,0.2621056,0,1.0,4-11,NIST,--
Br10,H I,17366.868,12.7485393,13.46245155,42347.0,0.011966,32-200,4-10,,,E1,17362.125798492103,permitted,0.382912,0,1.0,4-10,NIST,--
BrE,H I,18179.104,12.7485393,13.43055424,74593.0,0.018708,32-162,4-9,,,E1,18174.14081864415,permitted,0.598656,0,1.0,4-9,NIST,--
PaA,H I,18756.096,12.0875052,12.7485393,8986000.0,0.84254,18-32,3-4,,,E1,18750.975819090218,permitted,15.16572,0,1.0,3-4,NIST,--
BrD,H I,19450.89,12.7485393,13.38596103,142420.0,0.032309,32-128,4-8,,,E1,19445.58074492688,permitted,1.033888,0,1.0,4-8,NIST,--
BrG,H I,21661.21,12.7485393,13.32091817,304150.0,0.065521,32-98,4-7,,,E1,21655.29912504261,permitted,2.096672,0,1.0,4-7,NIST,--
Pf20,H I,24313.62,13.0545017,13.56443886,975.11,0.0013825,50-800,5-20,,,E1,24306.98697941394,permitted,0.069125,0,1.0,5-20,NIST,--
Pf19,H I,24490.0,13.0545017,13.56076619,1268.3,0.0016465,50-722,5-19,,,E1,24483.31895219153,permitted,0.082325,0,1.0,5-19,NIST,--
Pf18,H I,24699.88,13.0545017,13.55646454,1674.7,0.0019849,50-648,5-18,,,E1,24693.14180226868,permitted,0.099245,0,1.0,5-18,NIST,--
Pf17,H I,24952.545,13.0545017,13.55138166,2249.0,0.0024265,50-578,5-17,,,E1,24945.738000878064,permitted,0.1213249999999999,0,1.0,5-17,NIST,--
Pf16,H I,25260.91,13.0545017,13.54531624,3078.8,0.0030156,50-512,5-16,,,E1,25254.019030507377,permitted,0.15078,0,1.0,5-16,NIST,--
Pf15,H I,25643.27,13.0545017,13.53799772,4308.4,0.0038221,50-450,5-15,,,E1,25636.274908160023,permitted,0.191105,0,1.0,5-15,NIST,--
Pf14,H I,26126.48,13.0545017,13.52905552,6184.8,0.0049613,50-392,5-14,,,E1,26119.35331904047,permitted,0.248065,0,1.0,5-14,NIST,--
BrB,H I,26258.68,12.7485393,13.22070389,771100.0,0.17935,32-72,4-6,,,E1,26251.517317248457,permitted,5.7392,0,1.0,4-6,NIST,--
Pf13,H I,26751.31,13.0545017,13.51797128,9148.1,0.0066338,50-338,5-13,,,E1,26744.013157608813,permitted,0.33169,0,1.0,5-13,NIST,--
Pf12,H I,27582.68,13.0545017,13.50400193,14024.0,0.0092122,50-288,5-12,,,E1,27575.156738978803,permitted,0.46061,0,1.0,5-12,NIST,--
Pf11,H I,28729.96,13.0545017,13.48605194,22460.0,0.01345,50-242,5-11,,,E1,28722.12426767189,permitted,0.6725,0,1.0,5-11,NIST,--
PfE,H I,30392.02,13.0545017,13.46245155,37999.0,0.021044,50-200,5-10,,,E1,30383.73156189696,permitted,1.0522,0,1.0,5-10,NIST,--
PfD,H I,32969.91,13.0545017,13.43055424,69078.0,0.036467,50-162,5-9,,,E1,32960.919347350704,permitted,1.82335,0,1.0,5-9,NIST,--
PfG,H I,37405.55,13.0545017,13.38596103,138770.0,0.074503,50-128,5-8,,,E1,37395.350956150425,permitted,3.72515,0,1.0,5-8,NIST,--
BrA,H I,40522.69,12.7485393,13.0545017,2699300.0,1.0383,32-50,4-5,,,E1,40511.641688569835,permitted,33.2256,0,1.0,4-5,NIST,--
PfB,H I,46537.74,13.0545017,13.32091817,325280.0,0.207,50-98,5-7,,,E1,46525.05276340322,permitted,10.35,0,1.0,5-7,NIST,--
PfA,H I,74598.4,13.0545017,13.22070389,1025400.0,1.2319,50-72,5-6,,,E1,74578.06601318033,permitted,61.595,0,1.0,5-6,NIST,--
