key,ion,wave_vac,Ei,Ek,Aki,fik,gigk,configuration,terms,Ji-Jk,type,references,note,wave_air,ion_tex,ion_tex_lambda,classification,gf,multiplet,line_ratio
[FeII]-3004,[Fe II],3004.047,0.35186476,4.47910423,0.0115,1.04e-11,6-4,3d7-3d6(3D)4s,a4F-b2D,5/2-3/2,M1+E2,NIST,,3003.1711711519856,$[$Fe II$]$,"$[$Fe II$]\,\lambda3004$",forbidden,6.24e-11,40,0.3595454905427658
[FeII]-3029,[Fe II],3029.484,0.38651921,4.47910423,0.014,1.9e-11,4-4,3d7-3d6(3D)4s,a4F-b2D,3/2-3/2,M1+E2,NIST,,3028.6019564372996,$[$Fe II$]$,"$[$Fe II$]\,\lambda3029$",forbidden,7.6e-11,40,0.6404545094572341
[FeII]-3176,[Fe II],3176.297,0.0,3.90341906,0.232,2.81e-10,10-8,3d6(5D)4s-3d6(3D)4s,a6D-b4D,9/2-7/2,M1,NIST,,3175.378743089073,$[$Fe II$]$,"$[$Fe II$]\,\lambda3176$",forbidden,2.81e-09,17,0.258478414596869
[FeII]-3216,[Fe II],3215.598,0.04770753,3.90341906,0.079,1.23e-10,8-8,3d6(5D)4s-3d6(3D)4s,a6D-b4D,7/2-7/2,M1,NIST,,3214.6698109863128,$[$Fe II$]$,"$[$Fe II$]\,\lambda3216$",forbidden,9.84e-10,17,0.10904383987576723
[FeII]-3225,[Fe II],3225.474,0.04770753,3.89161339,0.035,4.1e-11,8-6,3d6(5D)4s-3d6(3D)4s,a6D-b4D,7/2-5/2,M1,NIST,,3224.5432712544684,$[$Fe II$]$,"$[$Fe II$]\,\lambda3225$",forbidden,3.28e-10,17,0.027383916007811968
[FeII]-3245,[Fe II],3245.119,0.08278213,3.90341906,0.032,6.8e-11,6-8,3d6(5D)4s-3d6(3D)4s,a6D-b4D,5/2-7/2,M1,NIST,,3244.182494547091,$[$Fe II$]$,"$[$Fe II$]\,\lambda3245$",forbidden,4.08e-10,17,0.05865409059415991
[FeII]-3255,[Fe II],3255.177,0.08278213,3.89161339,0.131,2.08e-10,6-6,3d6(5D)4s-3d6(3D)4s,a6D-b4D,5/2-5/2,M1,NIST,,3254.238354042128,$[$Fe II$]$,"$[$Fe II$]\,\lambda3255$",forbidden,1.248e-09,17,0.1351549150471412
[FeII]-3276,[Fe II],3275.964,0.10695023,3.89161339,0.062,1.49e-10,4-6,3d6(5D)4s-3d6(3D)4s,a6D-b4D,3/2-5/2,M1,NIST,,3275.019988320317,$[$Fe II$]$,"$[$Fe II$]\,\lambda3276$",forbidden,5.96e-10,17,0.09498635893022064
[FeII]-3278,[Fe II],3278.061,0.10695023,3.8891925,0.054,4.3e-11,4-2,3d6(5D)4s-3d6(3D)4s,a6D-b4D,3/2-1/2,M1,NIST,,3277.1162957878473,$[$Fe II$]$,"$[$Fe II$]\,\lambda3278$",forbidden,1.72e-10,17,0.009145522378199518
[FeII]-3278,[Fe II],3278.49,0.10695023,3.88869686,0.172,2.8e-10,4-4,3d6(5D)4s-3d6(3D)4s,a6D-b4D,3/2-3/2,M1,NIST,,3277.545806669731,$[$Fe II$]$,"$[$Fe II$]\,\lambda3278$",forbidden,1.12e-09,17,0.1191262257883998
[FeII]-3290,[Fe II],3290.404,0.12113874,3.8891925,0.279,4.54e-10,2-2,3d6(5D)4s-3d6(3D)4s,a6D-b4D,1/2-1/2,M1,NIST,,3289.456609637605,$[$Fe II$]$,"$[$Fe II$]\,\lambda3290$",forbidden,9.08e-10,17,0.0954771250652774
[FeII]-3291,[Fe II],3290.837,0.12113874,3.88869686,0.068,2.2e-10,2-4,3d6(5D)4s-3d6(3D)4s,a6D-b4D,1/2-3/2,M1,NIST,,3289.889359619155,$[$Fe II$]$,"$[$Fe II$]\,\lambda3291$",forbidden,4.4e-10,17,0.09254959171615323
[FeII]-3319,[Fe II],3319.342,0.23217279,3.96737644,0.047,6.2e-11,10-8,3d7-3d7,a4F-b2F,9/2-7/2,M1,NIST,,3318.3874586591064,$[$Fe II$]$,"$[$Fe II$]\,\lambda3319$",forbidden,6.2e-10,60,0.29568425253504044
[FeII]-3377,[Fe II],3377.169,0.23217279,3.90341906,0.969,1.33e-09,10-8,3d7-3d6(3D)4s,a4F-b4D,9/2-7/2,E2,NIST,,3376.1995249178167,$[$Fe II$]$,"$[$Fe II$]\,\lambda3377$",forbidden,1.33e-08,41,0.3499335929838345
[FeII]-3388,[Fe II],3388.064,0.23217279,3.89161339,0.225,2.32e-10,10-6,3d7-3d6(3D)4s,a4F-b4D,9/2-5/2,E2,NIST,,3387.091782143185,$[$Fe II$]$,"$[$Fe II$]\,\lambda3388$",forbidden,2.32e-09,41,0.04596598859137678
[FeII]-3429,[Fe II],3429.23,0.35186476,3.96737644,0.0192,4.5e-11,6-8,3d7-3d7,a4F-b2F,5/2-7/2,M1,NIST,,3428.2466642955073,$[$Fe II$]$,"$[$Fe II$]\,\lambda3429$",forbidden,2.7e-10,60,0.19463241888524235
[FeII]-3442,[Fe II],3441.978,0.30129858,3.90341906,0.232,4.12e-10,8-8,3d7-3d6(3D)4s,a4F-b4D,7/2-7/2,E2,NIST,,3440.991859714718,$[$Fe II$]$,"$[$Fe II$]\,\lambda3442$",forbidden,3.296e-09,41,0.10239183423052003
[FeII]-3451,[Fe II],3451.39,0.35186476,3.9441623,0.0102,1.8e-11,6-6,3d7-3d7,a4F-b2F,5/2-5/2,M1,NIST,,3450.401438274383,$[$Fe II$]$,"$[$Fe II$]\,\lambda3451$",forbidden,1.0799999999999999e-10,60,0.05883605974981459
[FeII]-3453,[Fe II],3453.296,0.30129858,3.89161339,0.389,5.22e-10,8-6,3d7-3d6(3D)4s,a4F-b4D,7/2-5/2,E2,NIST,,3452.306859834136,$[$Fe II$]$,"$[$Fe II$]\,\lambda3453$",forbidden,4.176e-09,41,0.09767254920825459
[FeII]-3456,[Fe II],3456.104,0.30129858,3.88869686,0.401,3.59e-10,8-4,3d7-3d6(3D)4s,a4F-b4D,7/2-3/2,E2,NIST,,3455.1136502566437,$[$Fe II$]$,"$[$Fe II$]\,\lambda3456$",forbidden,2.872e-09,41,0.04482456508770377
[FeII]-3485,[Fe II],3485.01,0.38651921,3.9441623,0.052,1.42e-10,4-6,3d7-3d7,a4F-b2F,3/2-5/2,M1,NIST,,3484.0122161747586,$[$Fe II$]$,"$[$Fe II$]\,\lambda3485$",forbidden,5.68e-10,60,0.4508472688299026
[FeII]-3491,[Fe II],3490.984,0.35186476,3.90341906,0.0409,1e-10,6-8,3d7-3d6(3D)4s,a4F-b4D,5/2-7/2,E2,NIST,,3489.985362533184,$[$Fe II$]$,"$[$Fe II$]\,\lambda3491$",forbidden,6e-10,41,0.023820386411358255
[FeII]-3503,[Fe II],3502.627,0.35186476,3.89161339,0.371,6.82e-10,6-6,3d7-3d6(3D)4s,a4F-b4D,5/2-5/2,E2,NIST,,3501.625392725467,$[$Fe II$]$,"$[$Fe II$]\,\lambda3503$",forbidden,4.092e-09,41,0.12229427812384669
[FeII]-3505,[Fe II],3505.024,0.35186476,3.8891925,0.683,4.2e-10,6-2,3d7-3d6(3D)4s,a4F-b4D,5/2-1/2,E2,NIST,,3504.021876986121,$[$Fe II$]$,"$[$Fe II$]\,\lambda3505$",forbidden,2.52e-09,41,0.02512340843897821
[FeII]-3506,[Fe II],3505.516,0.35186476,3.88869686,0.214,2.63e-10,6-4,3d7-3d6(3D)4s,a4F-b4D,5/2-3/2,E2,NIST,,3504.5129807967214,$[$Fe II$]$,"$[$Fe II$]\,\lambda3506$",forbidden,1.5780000000000001e-09,41,0.03146892673775431
[FeII]-3534,[Fe II],3533.867,0.9863338,4.49479059,0.19,2.6e-10,8-6,3d6(5D)4s-3d6(3D)4s,a4D-b2D,7/2-5/2,M1,NIST,,3532.857163234371,$[$Fe II$]$,"$[$Fe II$]\,\lambda3534$",forbidden,2.08e-09,15,0.2591114663343154
[FeII]-3537,[Fe II],3537.257,0.38651921,3.89161339,0.0728,2.05e-10,4-6,3d7-3d6(3D)4s,a4F-b4D,3/2-5/2,E2,NIST,,3536.246551203817,$[$Fe II$]$,"$[$Fe II$]\,\lambda3537$",forbidden,8.2e-10,41,0.03569089621858859
[FeII]-3540,[Fe II],3539.702,0.38651921,3.8891925,0.513,4.82e-10,4-2,3d7-3d6(3D)4s,a4F-b4D,3/2-1/2,E2,NIST,,3538.690762274101,$[$Fe II$]$,"$[$Fe II$]\,\lambda3540$",forbidden,1.928e-09,41,0.027992983695532405
[FeII]-3540,[Fe II],3540.203,0.38651921,3.88869686,0.425,7.99e-10,4-4,3d7-3d6(3D)4s,a4F-b4D,3/2-3/2,E2,NIST,,3539.1915434081893,$[$Fe II$]$,"$[$Fe II$]\,\lambda3540$",forbidden,3.196e-09,41,0.0928205902722519
[FeII]-3589,[Fe II],3589.25,1.04046986,4.49479059,0.051,9.9e-11,6-6,3d6(5D)4s-3d6(3D)4s,a4D-b2D,5/2-5/2,M1,NIST,,3588.225702663207,$[$Fe II$]$,"$[$Fe II$]\,\lambda3589$",forbidden,5.94e-10,15,0.09416466221198774
[FeII]-3606,[Fe II],3605.623,1.04046986,4.47910423,0.015,1.9e-11,6-4,3d6(5D)4s-3d6(3D)4s,a4D-b2D,5/2-3/2,M1,NIST,,3604.594880609451,$[$Fe II$]$,"$[$Fe II$]\,\lambda3606$",forbidden,1.14e-10,15,0.012102939395106229
[FeII]-3627,[Fe II],3626.807,1.07624119,4.49479059,0.067,2e-10,4-6,3d6(5D)4s-3d6(3D)4s,a4D-b2D,3/2-5/2,M1,NIST,,3625.7735141045378,$[$Fe II$]$,"$[$Fe II$]\,\lambda3627$",forbidden,8e-10,15,0.18438285919830133
[FeII]-3644,[Fe II],3643.526,1.07624119,4.47910423,0.074,1.5e-10,4-4,3d6(5D)4s-3d6(3D)4s,a4D-b2D,3/2-3/2,M1,NIST,,3642.4878967907266,$[$Fe II$]$,"$[$Fe II$]\,\lambda3644$",forbidden,6e-10,15,0.09259847704988165
[FeII]-3666,[Fe II],3665.739,1.09686139,4.47910423,0.146,5.9e-10,2-4,3d6(5D)4s-3d6(3D)4s,a4D-b2D,1/2-3/2,M1,NIST,,3664.6952565099295,$[$Fe II$]$,"$[$Fe II$]\,\lambda3666$",forbidden,1.18e-09,15,0.35763959581040766
[FeII]-3875,[Fe II],3875.169,0.0,3.19945278,0.0138,3.1e-11,10-10,3d6(5D)4s-3d6(3G)4s,a6D-a4G,9/2-9/2,M1,NIST,,3874.070702846228,$[$Fe II$]$,"$[$Fe II$]\,\lambda3875$",forbidden,3.1e-10,0,1.0
[FeII]-4035,[Fe II],4035.118,0.35186476,3.42449356,0.0117,2.86e-11,6-6,3d7-3d6(3F2)4s,a4F-a2F,5/2-5/2,E2,NIST,,4033.9781181070084,$[$Fe II$]$,"$[$Fe II$]\,\lambda4035$",forbidden,1.716e-10,44,0.09551122045667386
[FeII]-4050,[Fe II],4050.26,1.67061856,4.7317602,0.0303,7.5e-11,6-6,3d7-3d6(1D2)4s,a4P-c2D,5/2-5/2,M1+E2,NIST,,4049.116239071228,$[$Fe II$]$,"$[$Fe II$]\,\lambda4050$",forbidden,4.5e-10,29,0.2408951110502507
[FeII]-4075,[Fe II],4074.764,1.6952613,4.7379945,0.0164,4.1e-11,4-4,3d7-3d6(1D2)4s,a4P-c2D,3/2-3/2,M1+E2,NIST,,4073.613729190803,$[$Fe II$]$,"$[$Fe II$]\,\lambda4075$",forbidden,1.64e-10,29,0.08559703051262149
[FeII]-4081,[Fe II],4081.147,0.38651921,3.42449356,0.0422,1.58e-10,4-6,3d7-3d6(3F2)4s,a4F-a2F,3/2-5/2,M1+E2,NIST,,4079.995058863938,$[$Fe II$]$,"$[$Fe II$]\,\lambda4081$",forbidden,6.32e-10,44,0.5099968017548046
[FeII]-4083,[Fe II],4083.13,1.6952613,4.7317602,0.0469,1.76e-10,4-6,3d7-3d6(1D2)4s,a4P-c2D,3/2-5/2,E2,NIST,,4081.977539893349,$[$Fe II$]$,"$[$Fe II$]\,\lambda4083$",forbidden,7.04e-10,29,0.5517577949216095
[FeII]-4085,[Fe II],4085.478,0.35186476,3.38661825,0.0264,8.8e-11,6-8,3d7-3d6(3F2)4s,a4F-a2F,5/2-7/2,E2,NIST,,4084.3253352596685,$[$Fe II$]$,"$[$Fe II$]\,\lambda4085$",forbidden,5.28e-10,44,0.3944919777885217
[FeII]-4114,[Fe II],4113.594,1.72398297,4.7379945,0.0118,6e-11,2-4,3d7-3d6(1D2)4s,a4P-c2D,1/2-3/2,M1+E2,NIST,,4112.43356411017,$[$Fe II$]$,"$[$Fe II$]\,\lambda4114$",forbidden,1.2e-10,29,0.12175006351551844
[FeII]-4116,[Fe II],4115.636,0.23217279,3.24468891,0.155,4.72e-10,10-12,3d7-3d6(3H)4s,a4F-b2H,9/2-11/2,E2,NIST,,4114.475029290882,$[$Fe II$]$,"$[$Fe II$]\,\lambda4116$",forbidden,4.72e-09,51,0.6088138384796149
[FeII]-4159,[Fe II],4159.088,0.9863338,3.96737644,0.036,9.3e-11,8-8,3d6(5D)4s-3d7,a4D-b2F,7/2-7/2,M1,NIST,,4157.916042780151,$[$Fe II$]$,"$[$Fe II$]\,\lambda4159$",forbidden,7.44e-10,25,0.5680397452858382
[FeII]-4178,[Fe II],4178.379,0.23217279,3.19945278,0.289,7.6e-10,10-10,3d7-3d6(3G)4s,a4F-a4G,9/2-9/2,E2,NIST,,4177.201384263817,$[$Fe II$]$,"$[$Fe II$]\,\lambda4178$",forbidden,7.6e-09,48,0.050214781119669115
[FeII]-4180,[Fe II],4180.142,0.30129858,3.26732671,0.0157,5.13e-11,8-10,3d7-3d6(3H)4s,a4F-b2H,7/2-9/2,E2,NIST,,4178.964491696422,$[$Fe II$]$,"$[$Fe II$]\,\lambda4180$",forbidden,4.104e-10,51,0.05126340552875922
[FeII]-4199,[Fe II],4198.991,0.38651921,3.33923354,0.0107,1.4e-11,4-2,3d7-3d6(3P2)4s,a4F-b2P,3/2-1/2,E2,NIST,,4197.807876855585,$[$Fe II$]$,"$[$Fe II$]\,\lambda4199$",forbidden,5.6e-11,52,0.2238672906072988
[FeII]-4210,[Fe II],4210.025,1.67061856,4.6155941,0.0105,9.3e-12,6-2,3d7-3d6(1S2)4s,a4P-a2S,5/2-1/2,E2,NIST,,4208.838981166628,$[$Fe II$]$,"$[$Fe II$]\,\lambda4210$",forbidden,5.58e-11,36,0.1815357154985308
[FeII]-4212,[Fe II],4212.292,0.30129858,3.24468891,0.059,2.36e-10,8-12,3d7-3d6(3H)4s,a4F-b2H,7/2-11/2,E2,NIST,,4211.1057860411065,$[$Fe II$]$,"$[$Fe II$]\,\lambda4212$",forbidden,1.888e-09,51,0.28392915128258217
[FeII]-4233,[Fe II],4232.755,0.30129858,3.23045937,0.0207,4.17e-11,8-6,3d7-3d6(3G)4s,a4F-a4G,7/2-5/2,E2,NIST,,4231.5632138734645,$[$Fe II$]$,"$[$Fe II$]\,\lambda4233$",forbidden,3.336e-10,48,0.0015340261030716107
[FeII]-4245,[Fe II],4245.169,0.23217279,3.15276806,1.03,3.35e-09,10-12,3d7-3d6(3G)4s,a4F-a4G,9/2-11/2,E2,NIST,,4243.973823700372,$[$Fe II$]$,"$[$Fe II$]\,\lambda4245$",forbidden,3.3499999999999996e-08,48,0.2673687440666465
[FeII]-4246,[Fe II],4245.55,1.6952613,4.6155941,0.032,4.3e-11,4-2,3d7-3d6(1S2)4s,a4P-a2S,3/2-1/2,M1,NIST,,4244.3552534884075,$[$Fe II$]$,"$[$Fe II$]\,\lambda4246$",forbidden,1.72e-10,36,0.8184642845014692
[FeII]-4246,[Fe II],4246.013,0.30129858,3.22131344,0.246,6.65e-10,8-8,3d7-3d6(3G)4s,a4F-a4G,7/2-7/2,E2,NIST,,4244.817412065742,$[$Fe II$]$,"$[$Fe II$]\,\lambda4246$",forbidden,5.32e-09,48,0.0326581709564853
[FeII]-4253,[Fe II],4252.643,0.35186476,3.26732671,0.013,5.9e-11,6-10,3d7-3d6(3H)4s,a4F-b2H,5/2-9/2,E2,NIST,,4251.446390311092,$[$Fe II$]$,"$[$Fe II$]\,\lambda4253$",forbidden,3.54e-10,51,0.055993604709043666
[FeII]-4268,[Fe II],4267.548,0.9863338,3.89161339,0.0236,4.83e-11,8-6,3d6(5D)4s-3d6(3D)4s,a4D-b4D,7/2-5/2,M1,NIST,,4266.347074316726,$[$Fe II$]$,"$[$Fe II$]\,\lambda4268$",forbidden,3.864e-10,16,0.20950916534232997
[FeII]-4270,[Fe II],4269.881,1.04046986,3.9441623,0.02,5.5e-11,6-6,3d6(5D)4s-3d7,a4D-b2F,5/2-5/2,M1,NIST,,4268.679161322355,$[$Fe II$]$,"$[$Fe II$]\,\lambda4270$",forbidden,3.3e-10,25,0.23920274200329927
[FeII]-4278,[Fe II],4278.04,0.30129858,3.19945278,0.826,2.83e-09,8-10,3d7-3d6(3G)4s,a4F-a4G,7/2-9/2,E2,NIST,,4276.836486924374,$[$Fe II$]$,"$[$Fe II$]\,\lambda4278$",forbidden,2.264e-08,48,0.17421814481747463
[FeII]-4289,[Fe II],4288.6,0.0,2.8910183,1.55,2.56e-09,10-6,3d6(5D)4s-3d54s2,a6D-a6S,9/2-5/2,E2,NIST,,4287.393221250128,$[$Fe II$]$,"$[$Fe II$]\,\lambda4289$",forbidden,2.5599999999999998e-08,14,0.224718047811546
[FeII]-4307,[Fe II],4307.109,0.35186476,3.23045937,0.299,8.32e-10,6-6,3d7-3d6(3G)4s,a4F-a4G,5/2-5/2,E2,NIST,,4305.897474540939,$[$Fe II$]$,"$[$Fe II$]\,\lambda4307$",forbidden,4.992e-09,48,0.029049042863681557
[FeII]-4321,[Fe II],4320.837,0.35186476,3.22131344,0.539,2.01e-09,6-8,3d7-3d6(3G)4s,a4F-a4G,5/2-7/2,E2,NIST,,4319.622063769132,$[$Fe II$]$,"$[$Fe II$]\,\lambda4321$",forbidden,1.206e-08,48,0.09367130680594093
[FeII]-4323,[Fe II],4323.138,1.07624119,3.9441623,0.0109,4.6e-11,4-6,3d6(5D)4s-3d7,a4D-b2F,3/2-5/2,M1,NIST,,4321.922958337945,$[$Fe II$]$,"$[$Fe II$]\,\lambda4323$",forbidden,1.84e-10,25,0.19275751271086247
[FeII]-4331,[Fe II],4330.646,1.04046986,3.90341906,0.0196,7.3e-11,6-8,3d6(5D)4s-3d6(3D)4s,a4D-b4D,5/2-7/2,M1,NIST,,4329.428683180729,$[$Fe II$]$,"$[$Fe II$]\,\lambda4331$",forbidden,4.3800000000000004e-10,16,0.3985151963635699
[FeII]-4348,[Fe II],4348.081,0.30129858,3.15276806,0.246,1.05e-09,8-12,3d7-3d6(3G)4s,a4F-a4G,7/2-11/2,E2,NIST,,4346.858795295306,$[$Fe II$]$,"$[$Fe II$]\,\lambda4348$",forbidden,8.4e-09,48,0.07799148736454653
[FeII]-4353,[Fe II],4353.031,1.04046986,3.88869686,0.017,3.22e-11,6-4,3d6(5D)4s-3d6(3D)4s,a4D-b4D,5/2-3/2,M1,NIST,,4351.807492442866,$[$Fe II$]$,"$[$Fe II$]\,\lambda4353$",forbidden,1.9320000000000002e-10,16,0.08803398045087249
[FeII]-4354,[Fe II],4354.008,0.35186476,3.19945278,0.358,1.7e-09,6-10,3d7-3d6(3G)4s,a4F-a4G,5/2-9/2,E2,NIST,,4352.784035332333,$[$Fe II$]$,"$[$Fe II$]\,\lambda4354$",forbidden,1.0199999999999999e-08,48,0.09927107513667223
[FeII]-4357,[Fe II],4357.374,0.35186476,3.19725263,0.0119,2.3e-11,6-4,3d7-3d6(3P2)4s,a4F-b2P,5/2-3/2,E2,NIST,,4356.149749149334,$[$Fe II$]$,"$[$Fe II$]\,\lambda4357$",forbidden,1.3800000000000001e-10,52,0.7761327093927012
[FeII]-4360,[Fe II],4359.592,0.38651921,3.23045937,0.717,3.06e-09,4-6,3d7-3d6(3G)4s,a4F-a4G,3/2-5/2,E2,NIST,,4358.367365226734,$[$Fe II$]$,"$[$Fe II$]\,\lambda4360$",forbidden,1.224e-08,48,0.10302674391184116
[FeII]-4361,[Fe II],4360.557,0.04770753,2.8910183,1.15,2.46e-09,8-6,3d6(5D)4s-3d54s2,a6D-a6S,7/2-5/2,E2,NIST,,4359.332131185738,$[$Fe II$]$,"$[$Fe II$]\,\lambda4361$",forbidden,1.968e-08,14,0.2054252458454405
[FeII]-4374,[Fe II],4373.658,0.38651921,3.22131344,0.275,1.58e-09,4-8,3d7-3d6(3G)4s,a4F-a4G,3/2-7/2,E2,NIST,,4372.429062066861,$[$Fe II$]$,"$[$Fe II$]\,\lambda4374$",forbidden,6.32e-09,48,0.07099647685397045
[FeII]-4384,[Fe II],4383.976,0.0,2.82812245,0.0605,1.39e-10,10-8,3d6(5D)4s-3d6(3F2)4s,a6D-b4F,9/2-7/2,M1,NIST,,4382.7441549664745,$[$Fe II$]$,"$[$Fe II$]\,\lambda4384$",forbidden,1.3900000000000002e-09,20,0.03309969292582881
[FeII]-4404,[Fe II],4403.83,1.07624119,3.89161339,0.0176,7.7e-11,4-6,3d6(5D)4s-3d6(3D)4s,a4D-b4D,3/2-5/2,M1,NIST,,4402.59301513538,$[$Fe II$]$,"$[$Fe II$]\,\lambda4404$",forbidden,3.08e-10,16,0.30394165784322763
[FeII]-4415,[Fe II],4415.02,0.08278213,2.8910183,0.85,2.48e-09,6-6,3d6(5D)4s-3d54s2,a6D-a6S,5/2-5/2,E2,NIST,,4413.780716544219,$[$Fe II$]$,"$[$Fe II$]\,\lambda4415$",forbidden,1.4880000000000002e-08,14,0.19952543523747523
[FeII]-4418,[Fe II],4417.508,0.0,2.80665448,0.476,1.391e-09,10-10,3d6(5D)4s-3d6(3F2)4s,a6D-b4F,9/2-9/2,M1,NIST,,4416.268150884653,$[$Fe II$]$,"$[$Fe II$]\,\lambda4418$",forbidden,1.391e-08,20,0.4148949588297316
[FeII]-4434,[Fe II],4433.692,0.04770753,2.84411707,0.06,1.32e-10,8-6,3d6(5D)4s-3d6(3F2)4s,a6D-b4F,7/2-5/2,M1,NIST,,4432.447885383744,$[$Fe II$]$,"$[$Fe II$]\,\lambda4434$",forbidden,1.056e-09,20,0.022371307560653992
[FeII]-4453,[Fe II],4453.347,0.10695023,2.8910183,0.536,2.39e-09,4-6,3d6(5D)4s-3d54s2,a6D-a6S,3/2-5/2,E2,NIST,,4452.096793668103,$[$Fe II$]$,"$[$Fe II$]\,\lambda4453$",forbidden,9.56e-09,14,0.1873625998857348
[FeII]-4459,[Fe II],4459.198,0.04770753,2.82812245,0.318,9.48e-10,8-8,3d6(5D)4s-3d6(3F2)4s,a6D-b4F,7/2-7/2,M1,NIST,,4457.946430688764,$[$Fe II$]$,"$[$Fe II$]\,\lambda4459$",forbidden,7.584e-09,20,0.21451207106158057
[FeII]-4472,[Fe II],4471.552,0.08278213,2.85551515,0.035,6.9e-11,6-4,3d6(5D)4s-3d6(3F2)4s,a6D-b4F,5/2-3/2,M1,NIST,,4470.29745230729,$[$Fe II$]$,"$[$Fe II$]\,\lambda4472$",forbidden,4.1399999999999997e-10,20,0.007499850278148278
[FeII]-4476,[Fe II],4476.158,0.12113874,2.8910183,0.263,2.37e-09,2-6,3d6(5D)4s-3d54s2,a6D-a6S,1/2-5/2,E2,NIST,,4474.902707197442,$[$Fe II$]$,"$[$Fe II$]\,\lambda4476$",forbidden,4.74e-09,14,0.1829686712198034
[FeII]-4480,[Fe II],4480.373,1.96448604,4.7317602,0.128,2.3e-10,10-6,3d7-3d6(1D2)4s,a2G-c2D,9/2-5/2,E2,NIST,,4479.115935441804,$[$Fe II$]$,"$[$Fe II$]\,\lambda4480$",forbidden,2.3e-09,27,0.24797371033759277
[FeII]-4490,[Fe II],4490.009,0.08278213,2.84411707,0.163,4.92e-10,6-6,3d6(5D)4s-3d6(3F2)4s,a6D-b4F,5/2-5/2,M1,NIST,,4488.749992980529,$[$Fe II$]$,"$[$Fe II$]\,\lambda4490$",forbidden,2.9519999999999997e-09,20,0.08028556466516684
[FeII]-4494,[Fe II],4493.896,0.04770753,2.80665448,0.082,3.1e-10,8-10,3d6(5D)4s-3d6(3F2)4s,a6D-b4F,7/2-9/2,M1,NIST,,4492.635277523987,$[$Fe II$]$,"$[$Fe II$]\,\lambda4494$",forbidden,2.48e-09,20,0.08782854805459299
[FeII]-4511,[Fe II],4510.87,0.10695023,2.85551515,0.074,2.25e-10,4-4,3d6(5D)4s-3d6(3F2)4s,a6D-b4F,3/2-3/2,M1,NIST,,4509.605387765987,$[$Fe II$]$,"$[$Fe II$]\,\lambda4511$",forbidden,9e-10,20,0.023822094542734068
[FeII]-4516,[Fe II],4516.169,0.08278213,2.82812245,0.0742,3.02e-10,6-8,3d6(5D)4s-3d6(3F2)4s,a6D-b4F,5/2-7/2,M1,NIST,,4514.902319228068,$[$Fe II$]$,"$[$Fe II$]\,\lambda4516$",forbidden,1.812e-09,20,0.06578245166217456
[FeII]-4530,[Fe II],4529.654,0.10695023,2.84411707,0.0503,2.32e-10,4-6,3d6(5D)4s-3d6(3F2)4s,a6D-b4F,3/2-5/2,M1,NIST,,4528.384538997498,$[$Fe II$]$,"$[$Fe II$]\,\lambda4530$",forbidden,9.28e-10,20,0.03687286594724669
[FeII]-4534,[Fe II],4534.277,0.12113874,2.85551515,0.02,1.25e-10,2-4,3d6(5D)4s-3d6(3F2)4s,a6D-b4F,1/2-3/2,M1,NIST,,4533.00581848289,$[$Fe II$]$,"$[$Fe II$]\,\lambda4534$",forbidden,2.5e-10,20,0.013030594472141556
[FeII]-4578,[Fe II],4577.687,2.02954815,4.7379945,0.626,9.8e-10,8-4,3d7-3d6(1D2)4s,a2G-c2D,7/2-3/2,E2,NIST,,4576.404442169831,$[$Fe II$]$,"$[$Fe II$]\,\lambda4578$",forbidden,7.84e-09,27,0.6556542835446255
[FeII]-4588,[Fe II],4588.248,2.02954815,4.7317602,0.0404,9.6e-11,8-6,3d7-3d6(1D2)4s,a2G-c2D,7/2-5/2,E2,NIST,,4586.962951327552,$[$Fe II$]$,"$[$Fe II$]\,\lambda4588$",forbidden,7.68e-10,27,0.09637200611778171
[FeII]-4641,[Fe II],4640.973,0.10695023,2.7784633,0.64,1.03e-09,4-2,3d6(5D)4s-3d6(3P2)4s,a6D-b4P,3/2-1/2,M1,NIST,,4639.673651984856,$[$Fe II$]$,"$[$Fe II$]\,\lambda4641$",forbidden,4.12e-09,23,0.10440313279109982
[FeII]-4666,[Fe II],4665.753,0.12113874,2.7784633,0.199,6.49e-10,2-2,3d6(5D)4s-3d6(3P2)4s,a6D-b4P,1/2-1/2,M1,NIST,,4664.447086843397,$[$Fe II$]$,"$[$Fe II$]\,\lambda4666$",forbidden,1.298e-09,23,0.06474152069290008
[FeII]-4729,[Fe II],4729.393,0.08278213,2.70434897,0.586,1.31e-09,6-4,3d6(5D)4s-3d6(3P2)4s,a6D-b4P,5/2-3/2,M1,NIST,,4728.070311138337,$[$Fe II$]$,"$[$Fe II$]\,\lambda4729$",forbidden,7.86e-09,23,0.2734893936064734
[FeII]-4747,[Fe II],4746.816,0.23217279,2.84411707,0.0142,2.88e-11,10-6,3d7-3d6(3F2)4s,a4F-b4F,9/2-5/2,E2,NIST,,4745.489096483796,$[$Fe II$]$,"$[$Fe II$]\,\lambda4747$",forbidden,2.88e-10,45,0.003728790126762374
[FeII]-4773,[Fe II],4773.399,0.10695023,2.70434897,0.031,1.05e-10,4-4,3d6(5D)4s-3d6(3P2)4s,a6D-b4P,3/2-3/2,M1,NIST,,4772.064393926311,$[$Fe II$]$,"$[$Fe II$]\,\lambda4773$",forbidden,4.2e-10,23,0.021320210635410616
[FeII]-4776,[Fe II],4776.063,0.23217279,2.82812245,0.132,3.61e-10,10-8,3d7-3d6(3F2)4s,a4F-b4F,9/2-7/2,E2,NIST,,4774.728247854803,$[$Fe II$]$,"$[$Fe II$]\,\lambda4776$",forbidden,3.6099999999999997e-09,45,0.062327452527554644
[FeII]-4800,[Fe II],4799.617,0.12113874,2.70434897,0.083,5.74e-10,2-4,3d6(5D)4s-3d6(3P2)4s,a6D-b4P,1/2-3/2,M1,NIST,,4798.275745346205,$[$Fe II$]$,"$[$Fe II$]\,\lambda4800$",forbidden,1.148e-09,23,0.11465092131788368
[FeII]-4816,[Fe II],4815.89,0.23217279,2.80665448,0.546,1.9e-09,10-10,3d7-3d6(3F2)4s,a4F-b4F,9/2-9/2,E2,NIST,,4814.544091425119,$[$Fe II$]$,"$[$Fe II$]\,\lambda4816$",forbidden,1.9e-08,45,0.41004888377717447
[FeII]-4854,[Fe II],4854.099,0.30129858,2.85551515,0.0249,4.4e-11,8-4,3d7-3d6(3F2)4s,a4F-b4F,7/2-3/2,E2,NIST,,4852.743158493931,$[$Fe II$]$,"$[$Fe II$]\,\lambda4854$",forbidden,3.52e-10,45,0.0035048851723899857
[FeII]-4876,[Fe II],4875.857,0.30129858,2.84411707,0.199,5.31e-10,8-6,3d7-3d6(3F2)4s,a4F-b4F,7/2-5/2,E2,NIST,,4874.495686073531,$[$Fe II$]$,"$[$Fe II$]\,\lambda4876$",forbidden,4.248e-09,45,0.06343431957563427
[FeII]-4891,[Fe II],4890.988,0.04770753,2.58265947,0.417,1.12e-09,8-6,3d6(5D)4s-3d6(3P2)4s,a6D-b4P,7/2-5/2,M1,NIST,,4889.622610948422,$[$Fe II$]$,"$[$Fe II$]\,\lambda4891$",forbidden,8.96e-09,23,0.3652024681502659
[FeII]-4900,[Fe II],4899.971,1.96448604,4.49479059,1.15,2.48e-09,10-6,3d7-3d6(3D)4s,a2G-b2D,9/2-5/2,E2,NIST,,4898.603486807568,$[$Fe II$]$,"$[$Fe II$]\,\lambda4900$",forbidden,2.48e-08,38,0.6966320239317935
[FeII]-4907,[Fe II],4906.721,0.30129858,2.82812245,0.219,7.89e-10,8-8,3d7-3d6(3F2)4s,a4F-b4F,7/2-7/2,E2,NIST,,4905.351295302992,$[$Fe II$]$,"$[$Fe II$]\,\lambda4907$",forbidden,6.312e-09,45,0.12562764694780043
[FeII]-4949,[Fe II],4948.766,0.30129858,2.80665448,0.0712,3.27e-10,8-10,3d7-3d6(3F2)4s,a4F-b4F,7/2-9/2,E2,NIST,,4947.3850322875605,$[$Fe II$]$,"$[$Fe II$]\,\lambda4949$",forbidden,2.616e-09,45,0.06503822870807788
[FeII]-4952,[Fe II],4952.137,0.35186476,2.85551515,0.177,4.34e-10,6-4,3d7-3d6(3F2)4s,a4F-b4F,5/2-3/2,E2,NIST,,4950.75533698326,$[$Fe II$]$,"$[$Fe II$]\,\lambda4952$",forbidden,2.604e-09,45,0.03255807980074375
[FeII]-4967,[Fe II],4967.175,0.04770753,2.54377802,0.033,9.1e-11,8-6,3d6(5D)4s-3d7,a6D-a2D2,7/2-5/2,M1,NIST,,4965.789642762815,$[$Fe II$]$,"$[$Fe II$]\,\lambda4967$",forbidden,7.28e-10,0,1.0
[FeII]-4975,[Fe II],4974.785,0.35186476,2.84411707,0.142,5.28e-10,6-6,3d7-3d6(3F2)4s,a4F-b4F,5/2-5/2,E2,NIST,,4973.397421307434,$[$Fe II$]$,"$[$Fe II$]\,\lambda4975$",forbidden,3.1680000000000002e-09,45,0.05938730520859664
[FeII]-5007,[Fe II],5006.918,0.35186476,2.82812245,0.0908,4.55e-10,6-8,3d7-3d6(3F2)4s,a4F-b4F,5/2-7/2,E2,NIST,,5005.5219835583885,$[$Fe II$]$,"$[$Fe II$]\,\lambda5007$",forbidden,2.73e-09,45,0.06818396857437756
[FeII]-5008,[Fe II],5008.027,0.10695023,2.58265947,0.033,1.85e-10,4-6,3d6(5D)4s-3d6(3P2)4s,a6D-b4P,3/2-5/2,M1,NIST,,5006.630858796326,$[$Fe II$]$,"$[$Fe II$]\,\lambda5008$",forbidden,7.4e-10,23,0.056192352805966496
[FeII]-5022,[Fe II],5021.644,0.38651921,2.85551515,0.208,7.86e-10,4-4,3d7-3d6(3F2)4s,a4F-b4F,3/2-3/2,E2,NIST,,5020.244269766919,$[$Fe II$]$,"$[$Fe II$]\,\lambda5022$",forbidden,3.144e-09,45,0.05654989325406919
[FeII]-5029,[Fe II],5029.29,2.02954815,4.49479059,0.078,2.22e-10,8-6,3d7-3d6(3D)4s,a2G-b2D,7/2-5/2,E2,NIST,,5027.888037481446,$[$Fe II$]$,"$[$Fe II$]\,\lambda5029$",forbidden,1.776e-09,38,0.05767202775439599
[FeII]-5037,[Fe II],5036.803,2.27642922,4.7379945,0.077,2.94e-10,4-4,3d7-3d6(1D2)4s,a2P-c2D,3/2-3/2,E2,NIST,,5035.398840378393,$[$Fe II$]$,"$[$Fe II$]\,\lambda5037$",forbidden,1.176e-09,28,0.03563936266471054
[FeII]-5045,[Fe II],5044.934,0.38651921,2.84411707,0.0803,4.6e-10,4-6,3d7-3d6(3F2)4s,a4F-b4F,3/2-5/2,E2,NIST,,5043.527878699727,$[$Fe II$]$,"$[$Fe II$]\,\lambda5045$",forbidden,1.84e-09,45,0.04961054632681879
[FeII]-5050,[Fe II],5049.592,2.27642922,4.7317602,0.459,2.63e-09,4-6,3d7-3d6(1D2)4s,a2P-c2D,3/2-5/2,E2,NIST,,5048.18434036287,$[$Fe II$]$,"$[$Fe II$]\,\lambda5050$",forbidden,1.052e-08,28,0.47804368185550883
[FeII]-5061,[Fe II],5061.497,2.02954815,4.47910423,0.738,1.42e-09,8-4,3d7-3d6(3D)4s,a2G-b2D,7/2-3/2,E2,NIST,,5060.085775012802,$[$Fe II$]$,"$[$Fe II$]\,\lambda5061$",forbidden,1.136e-08,38,0.24569594831381047
[FeII]-5074,[Fe II],5073.82,0.23217279,2.67577925,0.0322,1.24e-10,10-10,3d7-3d6(3H)4s,a4F-a4H,9/2-9/2,E2,NIST,,5072.4060978187545,$[$Fe II$]$,"$[$Fe II$]\,\lambda5074$",forbidden,1.24e-09,50,0.011048108629639203
[FeII]-5085,[Fe II],5085.155,0.9863338,3.42449356,0.02,5.9e-11,8-6,3d6(5D)4s-3d6(3F2)4s,a4D-a2F,7/2-5/2,M1,NIST,,5083.737683240424,$[$Fe II$]$,"$[$Fe II$]\,\lambda5085$",forbidden,4.72e-10,18,0.017432125540851034
[FeII]-5109,[Fe II],5109.382,0.35186476,2.7784633,0.296,3.86e-10,6-2,3d7-3d6(3P2)4s,a4F-b4P,5/2-1/2,E2,NIST,,5107.958838376496,$[$Fe II$]$,"$[$Fe II$]\,\lambda5109$",forbidden,2.316e-09,53,0.03611374632563498
[FeII]-5113,[Fe II],5113.061,0.23217279,2.65702556,0.107,5.03e-10,10-12,3d7-3d6(3H)4s,a4F-a4H,9/2-11/2,E2,NIST,,5111.636359701134,$[$Fe II$]$,"$[$Fe II$]\,\lambda5113$",forbidden,5.03e-09,50,0.05370678700401523
[FeII]-5159,[Fe II],5159.451,0.30129858,2.70434897,0.361,7.2e-10,8-4,3d7-3d6(3P2)4s,a4F-b4P,7/2-3/2,E2,NIST,,5158.013714353419,$[$Fe II$]$,"$[$Fe II$]\,\lambda5159$",forbidden,5.76e-09,53,0.14259173492006846
[FeII]-5160,[Fe II],5160.229,0.23217279,2.63486052,0.476,2.66e-09,10-14,3d7-3d6(3H)4s,a4F-a4H,9/2-13/2,E2,NIST,,5158.792307046522,$[$Fe II$]$,"$[$Fe II$]\,\lambda5160$",forbidden,2.66e-08,50,0.33074729263158154
[FeII]-5165,[Fe II],5165.396,0.9863338,3.38661825,0.265,1.06e-09,8-8,3d6(5D)4s-3d6(3F2)4s,a4D-a2F,7/2-7/2,M1,NIST,,5163.957631693259,$[$Fe II$]$,"$[$Fe II$]\,\lambda5165$",forbidden,8.48e-09,18,0.4163254603951177
[FeII]-5174,[Fe II],5173.913,2.34166141,4.7379945,0.198,1.59e-09,2-4,3d7-3d6(1D2)4s,a2P-c2D,1/2-3/2,E2,NIST,,5172.472564293114,$[$Fe II$]$,"$[$Fe II$]\,\lambda5174$",forbidden,3.18e-09,28,0.17782272154798143
[FeII]-5183,[Fe II],5183.407,0.38651921,2.7784633,0.414,8.34e-10,4-2,3d7-3d6(3P2)4s,a4F-b4P,3/2-1/2,E2,NIST,,5181.963836677163,$[$Fe II$]$,"$[$Fe II$]\,\lambda5183$",forbidden,3.336e-09,53,0.07473266633410984
[FeII]-5186,[Fe II],5186.249,0.30129858,2.69193206,0.0242,9.8e-11,8-8,3d7-3d6(3H)4s,a4F-a4H,7/2-7/2,E2,NIST,,5184.804680086449,$[$Fe II$]$,"$[$Fe II$]\,\lambda5186$",forbidden,7.84e-10,50,0.006419286085481173
[FeII]-5187,[Fe II],5187.409,2.34166141,4.7317602,0.152,1.84e-09,2-6,3d7-3d6(1D2)4s,a2P-c2D,1/2-5/2,E2,NIST,,5185.964571170967,$[$Fe II$]$,"$[$Fe II$]\,\lambda5187$",forbidden,3.68e-09,28,0.30849423393179926
[FeII]-5201,[Fe II],5200.628,1.04046986,3.42449356,0.143,5.8e-10,6-6,3d6(5D)4s-3d6(3F2)4s,a4D-a2F,5/2-5/2,M1,NIST,,5199.179951245634,$[$Fe II$]$,"$[$Fe II$]\,\lambda5201$",forbidden,3.4799999999999996e-09,18,0.16020333128484912
[FeII]-5222,[Fe II],5221.529,0.30129858,2.67577925,0.111,5.67e-10,8-10,3d7-3d6(3H)4s,a4F-a4H,7/2-9/2,E2,NIST,,5220.075684707661,$[$Fe II$]$,"$[$Fe II$]\,\lambda5222$",forbidden,4.536e-09,50,0.046351243993823316
[FeII]-5263,[Fe II],5263.097,0.30129858,2.65702556,0.339,2.11e-09,8-12,3d7-3d6(3H)4s,a4F-a4H,7/2-11/2,E2,NIST,,5261.632610726276,$[$Fe II$]$,"$[$Fe II$]\,\lambda5263$",forbidden,1.688e-08,50,0.20656771291862983
[FeII]-5270,[Fe II],5270.352,0.35186476,2.70434897,0.237,6.58e-10,6-4,3d7-3d6(3P2)4s,a4F-b4P,5/2-3/2,E2,NIST,,5268.885577519607,$[$Fe II$]$,"$[$Fe II$]\,\lambda5270$",forbidden,3.948e-09,53,0.12225858376129263
[FeII]-5275,[Fe II],5274.831,0.23217279,2.58265947,0.472,1.18e-09,10-6,3d7-3d6(3P2)4s,a4F-b4P,9/2-5/2,E2,NIST,,5273.363283964442,$[$Fe II$]$,"$[$Fe II$]\,\lambda5275$",forbidden,1.18e-08,53,0.37778852198745283
[FeII]-5280,[Fe II],5279.85,1.07624119,3.42449356,0.082,5.1e-10,4-6,3d6(5D)4s-3d6(3F2)4s,a4D-a2F,3/2-5/2,M1,NIST,,5278.380846447626,$[$Fe II$]$,"$[$Fe II$]\,\lambda5280$",forbidden,2.04e-09,18,0.13462209395739255
[FeII]-5285,[Fe II],5284.585,1.04046986,3.38661825,0.133,7.4e-10,6-8,3d6(5D)4s-3d6(3F2)4s,a4D-a2F,5/2-7/2,M1,NIST,,5283.114484557434,$[$Fe II$]$,"$[$Fe II$]\,\lambda5285$",forbidden,4.44e-09,18,0.2714169888217896
[FeII]-5298,[Fe II],5298.318,0.35186476,2.69193206,0.1112,6.24e-10,6-8,3d7-3d6(3H)4s,a4F-a4H,5/2-7/2,E2,NIST,,5296.843724307263,$[$Fe II$]$,"$[$Fe II$]\,\lambda5298$",forbidden,3.744e-09,50,0.03833462995457711
[FeII]-5300,[Fe II],5300.362,2.27642922,4.6155941,0.037,7.9e-11,4-2,3d7-3d6(1S2)4s,a2P-a2S,3/2-1/2,M1+E2,NIST,,5298.887279449976,$[$Fe II$]$,"$[$Fe II$]\,\lambda5300$",forbidden,3.16e-10,0,1.0
[FeII]-5335,[Fe II],5335.145,0.35186476,2.67577925,0.278,1.98e-09,6-10,3d7-3d6(3H)4s,a4F-a4H,5/2-9/2,E2,NIST,,5333.660906443488,$[$Fe II$]$,"$[$Fe II$]\,\lambda5335$",forbidden,1.1880000000000001e-08,50,0.1517392478734027
[FeII]-5349,[Fe II],5349.15,0.38651921,2.70434897,0.072,3.09e-10,4-4,3d7-3d6(3P2)4s,a4F-b4P,3/2-3/2,E2,NIST,,5347.662971707922,$[$Fe II$]$,"$[$Fe II$]\,\lambda5349$",forbidden,1.236e-09,53,0.054913165988850446
[FeII]-5364,[Fe II],5363.554,0.23217279,2.54377802,0.0202,5.23e-11,10-6,3d7-3d7,a4F-a2D2,9/2-5/2,E2,NIST,,5362.062830376137,$[$Fe II$]$,"$[$Fe II$]\,\lambda5364$",forbidden,5.230000000000001e-10,56,0.020650142835017482
[FeII]-5378,[Fe II],5377.961,0.38651921,2.69193206,0.304,2.64e-09,4-8,3d7-3d6(3H)4s,a4F-a4H,3/2-7/2,E2,NIST,,5376.465687748044,$[$Fe II$]$,"$[$Fe II$]\,\lambda5378$",forbidden,1.056e-08,50,0.15508569090884985
[FeII]-5414,[Fe II],5414.18,0.35186476,2.64185518,0.36,1.05e-09,6-4,3d7-3d7,a4F-a2D2,5/2-3/2,M1,NIST,,5412.675025070084,$[$Fe II$]$,"$[$Fe II$]\,\lambda5414$",forbidden,6.3e-09,56,0.23980078450687803
[FeII]-5435,[Fe II],5434.66,0.30129858,2.58265947,0.165,5.47e-10,8-6,3d7-3d6(3P2)4s,a4F-b4P,7/2-5/2,M1+E2,NIST,,5433.149360021778,$[$Fe II$]$,"$[$Fe II$]\,\lambda5435$",forbidden,4.376e-09,53,0.16012627101494661
[FeII]-5479,[Fe II],5478.772,1.07624119,3.33923354,0.57,1.28e-09,4-2,3d6(5D)4s-3d6(3P2)4s,a4D-b2P,3/2-1/2,M1,NIST,,5477.25028527559,$[$Fe II$]$,"$[$Fe II$]\,\lambda5479$",forbidden,5.12e-09,21,0.19839690085474185
[FeII]-5497,[Fe II],5497.372,0.38651921,2.64185518,0.191,8.7e-10,4-4,3d7-3d7,a4F-a2D2,3/2-3/2,M1,NIST,,5495.84461936782,$[$Fe II$]$,"$[$Fe II$]\,\lambda5497$",forbidden,3.48e-09,56,0.18980744602820118
[FeII]-5529,[Fe II],5528.889,0.30129858,2.54377802,0.358,1.23e-09,8-6,3d7-3d7,a4F-a2D2,7/2-5/2,M1,NIST,,5527.353602667123,$[$Fe II$]$,"$[$Fe II$]\,\lambda5529$",forbidden,9.84e-09,56,0.4433746329446841
[FeII]-5529,[Fe II],5529.154,1.09686139,3.33923354,0.161,7.38e-10,2-2,3d6(5D)4s-3d6(3P2)4s,a4D-b2P,1/2-1/2,M1,NIST,,5527.618032023442,$[$Fe II$]$,"$[$Fe II$]\,\lambda5529$",forbidden,1.476e-09,21,0.11128968162120305
[FeII]-5547,[Fe II],5547.442,0.9863338,3.22131344,0.0115,5.3e-11,8-8,3d6(5D)4s-3d6(3G)4s,a4D-a4G,7/2-7/2,M1,NIST,,5545.901647095509,$[$Fe II$]$,"$[$Fe II$]\,\lambda5547$",forbidden,4.24e-10,0,1.0
[FeII]-5553,[Fe II],5552.856,1.67061856,3.90341906,0.135,8.32e-10,6-8,3d7-3d6(3D)4s,a4P-b4D,5/2-7/2,E2,NIST,,5551.314300831484,$[$Fe II$]$,"$[$Fe II$]\,\lambda5553$",forbidden,4.992e-09,42,0.2684500969915571
[FeII]-5558,[Fe II],5557.849,0.35186476,2.58265947,0.0248,1.15e-10,6-6,3d7-3d6(3P2)4s,a4F-b4P,5/2-5/2,E2,NIST,,5556.305767053698,$[$Fe II$]$,"$[$Fe II$]\,\lambda5558$",forbidden,6.9e-10,53,0.031475309667644086
[FeII]-5582,[Fe II],5582.372,1.67061856,3.89161339,0.125,5.84e-10,6-6,3d7-3d6(3D)4s,a4P-b4D,5/2-5/2,E2,NIST,,5580.822515128802,$[$Fe II$]$,"$[$Fe II$]\,\lambda5582$",forbidden,3.5040000000000003e-09,42,0.14101231991333588
[FeII]-5588,[Fe II],5588.464,1.67061856,3.8891925,0.0225,3.51e-11,6-2,3d7-3d6(3D)4s,a4P-b4D,5/2-1/2,E2,NIST,,5586.912387458483,$[$Fe II$]$,"$[$Fe II$]\,\lambda5588$",forbidden,2.106e-10,42,0.002823768541226841
[FeII]-5589,[Fe II],5588.999,2.27642922,4.49479059,0.023,1.63e-10,4-6,3d7-3d6(3D)4s,a2P-b2D,3/2-5/2,E2,NIST,,5587.447744367292,$[$Fe II$]$,"$[$Fe II$]\,\lambda5589$",forbidden,6.52e-10,39,0.09212951159073816
[FeII]-5590,[Fe II],5589.712,1.67061856,3.88869686,0.0708,2.21e-10,6-4,3d7-3d6(3D)4s,a4P-b4D,5/2-3/2,E2,NIST,,5588.160753791879,$[$Fe II$]$,"$[$Fe II$]\,\lambda5590$",forbidden,1.3260000000000002e-09,42,0.035555199208916026
[FeII]-5615,[Fe II],5614.825,1.6952613,3.90341906,0.0692,6.54e-10,4-8,3d7-3d6(3D)4s,a4P-b4D,3/2-7/2,E2,NIST,,5613.26684268537,$[$Fe II$]$,"$[$Fe II$]\,\lambda5615$",forbidden,2.616e-09,42,0.20410730393390256
[FeII]-5629,[Fe II],5628.801,2.27642922,4.47910423,0.189,9e-10,4-4,3d7-3d6(3D)4s,a2P-b2D,3/2-3/2,E2,NIST,,5627.239107199188,$[$Fe II$]$,"$[$Fe II$]\,\lambda5629$",forbidden,3.6e-09,39,0.3380822758502963
[FeII]-5650,[Fe II],5650.5,2.54377802,4.7379945,0.0466,1.49e-10,6-4,3d7-3d6(1D2)4s,a2D2-c2D,5/2-3/2,M1+E2,NIST,,5648.9319068413915,$[$Fe II$]$,"$[$Fe II$]\,\lambda5650$",forbidden,8.94e-10,26,0.12309280524113475
[FeII]-5651,[Fe II],5651.235,1.6952613,3.8891925,0.18,4.32e-10,4-2,3d7-3d6(3D)4s,a4P-b4D,3/2-1/2,E2,NIST,,5649.666510401837,$[$Fe II$]$,"$[$Fe II$]\,\lambda5651$",forbidden,1.728e-09,42,0.03360879927139199
[FeII]-5653,[Fe II],5652.512,1.6952613,3.88869686,0.0763,3.65e-10,4-4,3d7-3d6(3D)4s,a4P-b4D,3/2-3/2,E2,NIST,,5650.943069036077,$[$Fe II$]$,"$[$Fe II$]\,\lambda5653$",forbidden,1.46e-09,42,0.05678681676943531
[FeII]-5656,[Fe II],5656.437,0.35186476,2.54377802,0.0403,1.93e-10,6-6,3d7-3d7,a4F-a2D2,5/2-5/2,M1,NIST,,5654.867819494354,$[$Fe II$]$,"$[$Fe II$]\,\lambda5656$",forbidden,1.158e-09,56,0.06496924039905488
[FeII]-5667,[Fe II],5666.6,2.54377802,4.7317602,0.0309,1.49e-10,6-6,3d7-3d6(1D2)4s,a2D2-c2D,5/2-5/2,M1+E2,NIST,,5665.027702434375,$[$Fe II$]$,"$[$Fe II$]\,\lambda5667$",forbidden,8.94e-10,26,0.18439911955825272
[FeII]-5675,[Fe II],5674.774,1.96448604,4.14931647,0.297,1.43e-09,10-10,3d7-3d6(1G2)4s,a2G-c2G,9/2-9/2,E2,NIST,,5673.200016761263,$[$Fe II$]$,"$[$Fe II$]\,\lambda5675$",forbidden,1.43e-08,31,0.3164954056349305
[FeII]-5720,[Fe II],5719.803,1.72398297,3.89161339,0.0617,9.08e-10,2-6,3d7-3d6(3D)4s,a4P-b4D,1/2-5/2,E2,NIST,,5718.216974690437,$[$Fe II$]$,"$[$Fe II$]\,\lambda5720$",forbidden,1.816e-09,42,0.20381829617585762
[FeII]-5728,[Fe II],5727.51,1.72398297,3.88869686,0.037,3.6e-10,2-4,3d7-3d6(3D)4s,a4P-b4D,1/2-3/2,E2,NIST,,5725.92121340615,$[$Fe II$]$,"$[$Fe II$]\,\lambda5728$",forbidden,7.2e-10,42,0.05383739919437679
[FeII]-5747,[Fe II],5747.303,0.38651921,2.54377802,0.0174,1.29e-10,4-6,3d7-3d7,a4F-a2D2,3/2-5/2,M1,NIST,,5745.709118592037,$[$Fe II$]$,"$[$Fe II$]\,\lambda5747$",forbidden,5.16e-10,56,0.041397753286164435
[FeII]-5749,[Fe II],5748.571,1.04046986,3.19725263,0.473,1.56e-09,6-4,3d6(5D)4s-3d6(3P2)4s,a4D-b2P,5/2-3/2,M1,NIST,,5746.977279234333,$[$Fe II$]$,"$[$Fe II$]\,\lambda5749$",forbidden,9.359999999999999e-09,21,0.4936336093122681
[FeII]-5752,[Fe II],5752.433,2.58265947,4.7379945,0.0253,8.4e-11,6-4,3d6(3P2)4s-3d6(1D2)4s,b4P-c2D,5/2-3/2,M1+E2,NIST,,5750.837546214469,$[$Fe II$]$,"$[$Fe II$]\,\lambda5752$",forbidden,5.039999999999999e-10,8,0.06182836659611882
[FeII]-5758,[Fe II],5758.326,2.34166141,4.49479059,0.0236,3.52e-10,2-6,3d7-3d6(3D)4s,a2P-b2D,1/2-5/2,E2,NIST,,5756.729369489261,$[$Fe II$]$,"$[$Fe II$]\,\lambda5758$",forbidden,7.04e-10,39,0.181914442116003
[FeII]-5769,[Fe II],5769.12,2.58265947,4.7317602,0.096,4.8e-10,6-6,3d6(3P2)4s-3d6(1D2)4s,b4P-c2D,5/2-5/2,M1,NIST,,5767.520181564121,$[$Fe II$]$,"$[$Fe II$]\,\lambda5769$",forbidden,2.88e-09,8,0.5291867017934951
[FeII]-5801,[Fe II],5800.586,2.34166141,4.47910423,0.112,1.13e-09,2-4,3d7-3d6(3D)4s,a2P-b2D,1/2-3/2,E2,NIST,,5798.97746146986,$[$Fe II$]$,"$[$Fe II$]\,\lambda5801$",forbidden,2.26e-09,39,0.38787377044296245
[FeII]-5837,[Fe II],5837.069,2.02954815,4.15363129,0.76,3.9e-09,8-8,3d7-3d6(1G2)4s,a2G-c2G,7/2-7/2,E2,NIST,,5835.451196355161,$[$Fe II$]$,"$[$Fe II$]\,\lambda5837$",forbidden,3.12e-08,31,0.6313535436345837
[FeII]-5846,[Fe II],5845.522,1.07624119,3.19725263,0.0195,1e-10,4-4,3d6(5D)4s-3d6(3P2)4s,a4D-b2P,3/2-3/2,M1,NIST,,5843.902333387838,$[$Fe II$]$,"$[$Fe II$]\,\lambda5846$",forbidden,4e-10,21,0.03009469344299008
[FeII]-5849,[Fe II],5848.95,2.02954815,4.14931647,0.0403,2.58e-10,8-10,3d7-3d6(1G2)4s,a2G-c2G,7/2-9/2,E2,NIST,,5847.329415678885,$[$Fe II$]$,"$[$Fe II$]\,\lambda5849$",forbidden,2.064e-09,31,0.0521510507304858
[FeII]-5872,[Fe II],5871.648,1.96448604,4.07605998,0.167,1.21e-09,10-14,3d7-3d6(1I)4s,a2G-a2I,9/2-13/2,E2,NIST,,5870.021338674923,$[$Fe II$]$,"$[$Fe II$]\,\lambda5872$",forbidden,1.2099999999999999e-08,33,0.5982432300333782
[FeII]-5903,[Fe II],5902.91,1.09686139,3.19725263,0.055,5.7e-10,2-4,3d6(5D)4s-3d6(3P2)4s,a4D-b2P,1/2-3/2,M1,NIST,,5901.274267505572,$[$Fe II$]$,"$[$Fe II$]\,\lambda5903$",forbidden,1.14e-09,21,0.16658511476879684
[FeII]-5915,[Fe II],5914.883,2.64185518,4.7379945,0.129,6.77e-10,4-4,3d7-3d6(1D2)4s,a2D2-c2D,3/2-3/2,E2,NIST,,5913.244760730308,$[$Fe II$]$,"$[$Fe II$]\,\lambda5915$",forbidden,2.708e-09,26,0.48759274154015864
[FeII]-5933,[Fe II],5932.528,2.64185518,4.7317602,0.024,1.9e-10,4-6,3d7-3d6(1D2)4s,a2D2-c2D,3/2-5/2,M1+E2,NIST,,5930.88443478821,$[$Fe II$]$,"$[$Fe II$]\,\lambda5933$",forbidden,7.6e-10,26,0.20491533366045392
[FeII]-5984,[Fe II],5984.325,2.54377802,4.6155941,0.254,4.55e-10,6-2,3d7-3d6(1S2)4s,a2D2-a2S,5/2-1/2,E2,NIST,,5982.667358289189,$[$Fe II$]$,"$[$Fe II$]\,\lambda5984$",forbidden,2.73e-09,35,0.4783025059510086
[FeII]-6046,[Fe II],6045.776,2.02954815,4.0803055,0.127,1.04e-09,8-12,3d7-3d6(1I)4s,a2G-a2I,7/2-11/2,E2,NIST,,6044.102489482513,$[$Fe II$]$,"$[$Fe II$]\,\lambda6046$",forbidden,8.32e-09,33,0.40175676996662185
[FeII]-6097,[Fe II],6096.647,2.70434897,4.7379945,0.056,3.1e-10,4-4,3d6(3P2)4s-3d6(1D2)4s,b4P-c2D,3/2-3/2,M1,NIST,,6094.960051594316,$[$Fe II$]$,"$[$Fe II$]\,\lambda6097$",forbidden,1.24e-09,8,0.1916689389936058
[FeII]-6099,[Fe II],6098.779,2.58265947,4.6155941,0.0105,2e-11,6-2,3d6(3P2)4s-3d6(1S2)4s,b4P-a2S,5/2-1/2,E2,NIST,,6097.091479944724,$[$Fe II$]$,"$[$Fe II$]\,\lambda6099$",forbidden,1.2e-10,10,0.006977071985486678
[FeII]-6115,[Fe II],6115.395,2.70434897,4.7317602,0.0157,1.32e-10,4-6,3d6(3P2)4s-3d6(1D2)4s,b4P-c2D,3/2-5/2,M1,NIST,,6113.702224696928,$[$Fe II$]$,"$[$Fe II$]\,\lambda6115$",forbidden,5.28e-10,8,0.12217906352341043
[FeII]-6190,[Fe II],6190.264,1.96448604,3.96737644,0.2,9.19e-10,10-8,3d7-3d7,a2G-b2F,9/2-7/2,M1+E2,NIST,,6188.551343819328,$[$Fe II$]$,"$[$Fe II$]\,\lambda6190$",forbidden,9.19e-09,54,0.48916666966202343
[FeII]-6263,[Fe II],6262.852,1.96448604,3.9441623,0.0352,1.24e-10,10-6,3d7-3d7,a2G-b2F,9/2-5/2,E2,NIST,,6261.120466683248,$[$Fe II$]$,"$[$Fe II$]\,\lambda6263$",forbidden,1.24e-09,54,0.04910602417366003
[FeII]-6282,[Fe II],6281.692,2.64185518,4.6155941,0.194,5.74e-10,4-2,3d7-3d6(1S2)4s,a2D2-a2S,3/2-1/2,E2,NIST,,6279.954910384852,$[$Fe II$]$,"$[$Fe II$]\,\lambda6282$",forbidden,2.296e-09,35,0.5216974940489912
[FeII]-6327,[Fe II],6327.238,2.7784633,4.7379945,0.0143,1.72e-10,2-4,3d6(3P2)4s-3d6(1D2)4s,b4P-c2D,1/2-3/2,M1,NIST,,6325.488484368563,$[$Fe II$]$,"$[$Fe II$]\,\lambda6327$",forbidden,3.44e-10,8,0.09513692909337004
[FeII]-6355,[Fe II],6354.864,2.54377802,4.49479059,0.174,1.05e-09,6-6,3d7-3d6(3D)4s,a2D2-b2D,5/2-5/2,E2,NIST,,6353.107567091696,$[$Fe II$]$,"$[$Fe II$]\,\lambda6355$",forbidden,6.3e-09,37,0.5546637787198542
[FeII]-6398,[Fe II],6398.1,2.02954815,3.96737644,0.0555,3.41e-10,8-8,3d7-3d7,a2G-b2F,7/2-7/2,M1,NIST,,6396.332056804917,$[$Fe II$]$,"$[$Fe II$]\,\lambda6398$",forbidden,2.728e-09,54,0.16438802114430798
[FeII]-6406,[Fe II],6406.372,2.54377802,4.47910423,0.074,3.02e-10,6-4,3d7-3d6(3D)4s,a2D2-b2D,5/2-3/2,M1+E2,NIST,,6404.601635274573,$[$Fe II$]$,"$[$Fe II$]\,\lambda6406$",forbidden,1.812e-09,37,0.10571681988173912
[FeII]-6442,[Fe II],6442.195,0.35186476,2.27642922,0.0367,1.52e-10,6-4,3d7-3d7,a4F-a2P,5/2-3/2,M1,NIST,,6440.415113339087,$[$Fe II$]$,"$[$Fe II$]\,\lambda6442$",forbidden,9.12e-10,58,0.5008045649552457
[FeII]-6476,[Fe II],6475.676,2.02954815,3.9441623,0.176,8.3e-10,8-6,3d7-3d7,a2G-b2F,7/2-5/2,M1+E2,NIST,,6473.886519131855,$[$Fe II$]$,"$[$Fe II$]\,\lambda6476$",forbidden,6.64e-09,54,0.2973392850200085
[FeII]-6484,[Fe II],6484.084,2.58265947,4.49479059,0.054,3.4e-10,6-6,3d6(3P2)4s-3d6(3D)4s,b4P-b2D,5/2-5/2,M1+E2,NIST,,6482.293159930348,$[$Fe II$]$,"$[$Fe II$]\,\lambda6484$",forbidden,2.04e-09,12,0.7653120684388449
[FeII]-6487,[Fe II],6487.09,2.70434897,4.6155941,0.7,2.2e-09,4-2,3d6(3P2)4s-3d6(1S2)4s,b4P-a2S,3/2-1/2,M1,NIST,,6485.298152346485,$[$Fe II$]$,"$[$Fe II$]\,\lambda6487$",forbidden,8.8e-09,10,0.6377416893648539
[FeII]-6513,[Fe II],6513.014,2.82812245,4.7317602,0.169,8.06e-10,8-6,3d6(3F2)4s-3d6(1D2)4s,b4F-c2D,7/2-5/2,M1,NIST,,6511.215086762427,$[$Fe II$]$,"$[$Fe II$]\,\lambda6513$",forbidden,6.448e-09,2,0.3792740709754114
[FeII]-6547,[Fe II],6546.58,2.84411707,4.7379945,0.226,9.7e-10,6-4,3d6(3F2)4s-3d6(1D2)4s,b4F-c2D,5/2-3/2,M1,NIST,,6544.771666650175,$[$Fe II$]$,"$[$Fe II$]\,\lambda6547$",forbidden,5.82e-09,2,0.297481001365199
[FeII]-6560,[Fe II],6560.323,0.38651921,2.27642922,0.0248,1.6e-10,4-4,3d7-3d7,a4F-a2P,3/2-3/2,M1,NIST,,6558.5110730522065,$[$Fe II$]$,"$[$Fe II$]\,\lambda6560$",forbidden,6.4e-10,58,0.49919543504475433
[FeII]-6568,[Fe II],6568.201,2.84411707,4.7317602,0.022,1.4e-10,6-6,3d6(3F2)4s-3d6(1D2)4s,b4F-c2D,5/2-5/2,M1,NIST,,6566.38715560117,$[$Fe II$]$,"$[$Fe II$]\,\lambda6568$",forbidden,8.4e-10,2,0.06423221202300126
[FeII]-6586,[Fe II],6586.218,2.85551515,4.7379945,0.133,8.6e-10,4-4,3d6(3F2)4s-3d6(1D2)4s,b4F-c2D,3/2-3/2,M1,NIST,,6584.39941279825,$[$Fe II$]$,"$[$Fe II$]\,\lambda6586$",forbidden,3.44e-09,2,0.25901271563638845
[FeII]-6691,[Fe II],6691.232,2.64185518,4.49479059,0.0542,5.46e-10,4-6,3d7-3d6(3D)4s,a2D2-b2D,3/2-5/2,M1+E2,NIST,,6689.384478634511,$[$Fe II$]$,"$[$Fe II$]\,\lambda6691$",forbidden,2.184e-09,37,0.24707776683354776
[FeII]-6732,[Fe II],6731.728,0.9863338,2.82812245,0.0203,1.38e-10,8-8,3d6(5D)4s-3d6(3F2)4s,a4D-b4F,7/2-7/2,M1,NIST,,6729.869887261084,$[$Fe II$]$,"$[$Fe II$]\,\lambda6732$",forbidden,1.104e-09,19,0.1865245056739902
[FeII]-6748,[Fe II],6748.361,2.64185518,4.47910423,0.0453,3.09e-10,4-4,3d7-3d6(3D)4s,a2D2-b2D,3/2-3/2,E2,NIST,,6746.498613267339,$[$Fe II$]$,"$[$Fe II$]\,\lambda6748$",forbidden,1.236e-09,37,0.09254163456485903
[FeII]-6749,[Fe II],6748.795,2.7784633,4.6155941,0.202,1.38e-09,2-2,3d6(3P2)4s-3d6(1S2)4s,b4P-a2S,1/2-1/2,M1,NIST,,6746.93289641838,$[$Fe II$]$,"$[$Fe II$]\,\lambda6749$",forbidden,2.76e-09,10,0.3552812386496594
[FeII]-6811,[Fe II],6811.118,0.9863338,2.80665448,0.0217,1.89e-10,8-10,3d6(5D)4s-3d6(3F2)4s,a4D-b4F,7/2-9/2,M1,NIST,,6809.239230002549,$[$Fe II$]$,"$[$Fe II$]\,\lambda6811$",forbidden,1.512e-09,19,0.31606213923887766
[FeII]-6874,[Fe II],6874.083,1.04046986,2.84411707,0.0299,2.12e-10,6-6,3d6(5D)4s-3d6(3F2)4s,a4D-b4F,5/2-5/2,M1,NIST,,6872.186386856196,$[$Fe II$]$,"$[$Fe II$]\,\lambda6874$",forbidden,1.272e-09,19,0.1981200213271055
[FeII]-6876,[Fe II],6875.736,1.96448604,3.76769941,0.111,7.87e-10,10-10,3d7-3d6(3G)4s,a2G-b2G,9/2-9/2,E2,NIST,,6873.839841747743,$[$Fe II$]$,"$[$Fe II$]\,\lambda6876$",forbidden,7.87e-09,46,0.5332587588057367
[FeII]-6925,[Fe II],6924.783,2.70434897,4.49479059,0.0118,1.27e-10,4-6,3d6(3P2)4s-3d6(3D)4s,b4P-b2D,3/2-5/2,M1,NIST,,6922.873240703118,$[$Fe II$]$,"$[$Fe II$]\,\lambda6925$",forbidden,5.08e-10,12,0.23468793156115517
[FeII]-6947,[Fe II],6946.826,2.02954815,3.81430861,0.11,7.96e-10,8-8,3d7-3d6(3G)4s,a2G-b2G,7/2-7/2,E2,NIST,,6944.909907058415,$[$Fe II$]$,"$[$Fe II$]\,\lambda6947$",forbidden,6.368e-09,46,0.3963461403747825
[FeII]-6968,[Fe II],6968.247,1.07624119,2.85551515,0.0313,2.28e-10,4-4,3d6(5D)4s-3d6(3F2)4s,a4D-b4F,3/2-3/2,M1,NIST,,6966.3251402674505,$[$Fe II$]$,"$[$Fe II$]\,\lambda6968$",forbidden,9.12e-10,19,0.1345753193426662
[FeII]-7050,[Fe II],7049.949,1.09686139,2.85551515,0.0194,2.89e-10,2-4,3d6(5D)4s-3d6(3F2)4s,a4D-b4F,1/2-3/2,M1,NIST,,7048.005740730513,$[$Fe II$]$,"$[$Fe II$]\,\lambda7050$",forbidden,5.78e-10,19,0.1647180144173603
[FeII]-7133,[Fe II],7133.108,2.02954815,3.76769941,0.0122,1.16e-10,8-10,3d7-3d6(3G)4s,a2G-b2G,7/2-9/2,E2,NIST,,7131.141642561857,$[$Fe II$]$,"$[$Fe II$]\,\lambda7133$",forbidden,9.28e-10,46,0.0703951008194809
[FeII]-7157,[Fe II],7157.146,0.23217279,1.96448604,0.19,1.46e-09,10-10,3d7-3d7,a4F-a2G,9/2-9/2,M1,NIST,,7155.174066616995,$[$Fe II$]$,"$[$Fe II$]\,\lambda7157$",forbidden,1.4599999999999998e-08,57,0.5415159886505725
[FeII]-7174,[Fe II],7173.975,0.30129858,2.02954815,0.06,4.64e-10,8-8,3d7-3d7,a4F-a2G,7/2-7/2,M1,NIST,,7171.998332713768,$[$Fe II$]$,"$[$Fe II$]\,\lambda7174$",forbidden,3.712e-09,57,0.12677002864784304
[FeII]-7373,[Fe II],7372.982,1.09686139,2.7784633,0.0226,1.84e-10,2-2,3d6(5D)4s-3d6(3P2)4s,a4D-b4P,1/2-1/2,M1,NIST,,7370.950898565562,$[$Fe II$]$,"$[$Fe II$]\,\lambda7373$",forbidden,3.68e-10,22,0.15182701458580236
[FeII]-7390,[Fe II],7390.202,0.35186476,2.02954815,0.0447,4.88e-10,6-8,3d7-3d7,a4F-a2G,5/2-7/2,M1,NIST,,7388.167155751503,$[$Fe II$]$,"$[$Fe II$]\,\lambda7390$",forbidden,2.928e-09,57,0.12196327526363387
[FeII]-7439,[Fe II],7439.045,2.82812245,4.49479059,0.0194,1.21e-10,8-6,3d6(3F2)4s-3d6(3D)4s,b4F-b2D,7/2-5/2,M1,NIST,,7436.996886194624,$[$Fe II$]$,"$[$Fe II$]\,\lambda7439$",forbidden,9.68e-10,0,1.0
[FeII]-7455,[Fe II],7454.614,0.30129858,1.96448604,0.0614,6.39e-10,8-10,3d7-3d7,a4F-a2G,7/2-9/2,M1,NIST,,7452.560988086967,$[$Fe II$]$,"$[$Fe II$]\,\lambda7455$",forbidden,5.112e-09,57,0.2097507074379506
[FeII]-7615,[Fe II],7615.233,1.07624119,2.70434897,0.0164,1.43e-10,4-4,3d6(5D)4s-3d6(3P2)4s,a4D-b4P,3/2-3/2,M1,NIST,,7613.136964629359,$[$Fe II$]$,"$[$Fe II$]\,\lambda7615$",forbidden,5.72e-10,22,0.23341522181346383
[FeII]-7722,[Fe II],7722.282,2.54377802,4.14931647,0.0359,5.35e-10,6-10,3d7-3d6(1G2)4s,a2D2-c2G,5/2-9/2,E2,NIST,,7720.156679699996,$[$Fe II$]$,"$[$Fe II$]\,\lambda7722$",forbidden,3.2100000000000003e-09,30,0.6112607370547495
[FeII]-7767,[Fe II],7766.849,0.9863338,2.58265947,0.0141,9.6e-11,8-6,3d6(5D)4s-3d6(3P2)4s,a4D-b4P,7/2-5/2,M1,NIST,,7764.7117516808985,$[$Fe II$]$,"$[$Fe II$]\,\lambda7767$",forbidden,7.68e-10,22,0.25515227189703865
[FeII]-7877,[Fe II],7876.787,2.57958587,4.15363129,0.0121,9e-11,10-8,3d7-3d6(1G2)4s,a2H-c2G,9/2-7/2,M1+E2,NIST,,7874.620074990663,$[$Fe II$]$,"$[$Fe II$]\,\lambda7877$",forbidden,9e-10,32,0.4030109497569575
[FeII]-7898,[Fe II],7898.438,2.57958587,4.14931647,0.0114,1.07e-10,10-10,3d7-3d6(1G2)4s,a2H-c2G,9/2-9/2,M1+E2,NIST,,7896.265629422949,$[$Fe II$]$,"$[$Fe II$]\,\lambda7898$",forbidden,1.07e-09,32,0.5969890502430425
[FeII]-7977,[Fe II],7977.411,2.52186911,4.07605998,0.0812,9.04e-10,12-14,3d7-3d6(1I)4s,a2H-a2I,11/2-13/2,E2,NIST,,7975.217605096884,$[$Fe II$]$,"$[$Fe II$]\,\lambda7977$",forbidden,1.0847999999999999e-08,34,0.5730805618387054
[FeII]-8047,[Fe II],8047.045,3.19725263,4.7379945,0.034,3.3e-10,4-4,3d6(3P2)4s-3d6(1D2)4s,b2P-c2D,3/2-3/2,M1,NIST,,8044.832799168223,$[$Fe II$]$,"$[$Fe II$]\,\lambda8047$",forbidden,1.32e-09,7,0.23991403656961133
[FeII]-8080,[Fe II],8079.738,3.19725263,4.7317602,0.036,5.3e-10,4-6,3d6(3P2)4s-3d6(1D2)4s,b2P-c2D,3/2-5/2,M1+E2,NIST,,8077.517068730135,$[$Fe II$]$,"$[$Fe II$]\,\lambda8080$",forbidden,2.12e-09,7,0.5751329515952582
[FeII]-8201,[Fe II],8201.228,2.64185518,4.15363129,0.0254,5.12e-10,4-8,3d7-3d6(1G2)4s,a2D2-c2G,3/2-7/2,E2,NIST,,8198.97334857871,$[$Fe II$]$,"$[$Fe II$]\,\lambda8201$",forbidden,2.048e-09,30,0.3887392629452506
[FeII]-8230,[Fe II],8230.397,1.07624119,2.58265947,0.0106,1.61e-10,4-6,3d6(5D)4s-3d6(3P2)4s,a4D-b4P,3/2-5/2,M1,NIST,,8228.134567242227,$[$Fe II$]$,"$[$Fe II$]\,\lambda8230$",forbidden,6.44e-10,22,0.35960549170369505
[FeII]-8262,[Fe II],8261.65,2.57958587,4.0803055,0.0714,8.77e-10,10-12,3d7-3d6(1I)4s,a2H-a2I,9/2-11/2,E2,NIST,,8259.379422205537,$[$Fe II$]$,"$[$Fe II$]\,\lambda8262$",forbidden,8.77e-09,34,0.4269194381612945
[FeII]-8308,[Fe II],8308.313,2.65702556,4.14931647,0.233,2.01e-09,12-10,3d6(3H)4s-3d6(1G2)4s,a4H-c2G,11/2-9/2,M1,NIST,,8306.029812208817,$[$Fe II$]$,"$[$Fe II$]\,\lambda8308$",forbidden,2.412e-08,4,0.45100838542313465
[FeII]-8389,[Fe II],8389.486,2.67577925,4.15363129,0.152,1.28e-09,10-8,3d6(3H)4s-3d6(1G2)4s,a4H-c2G,9/2-7/2,M1,NIST,,8387.181473247558,$[$Fe II$]$,"$[$Fe II$]\,\lambda8389$",forbidden,1.2799999999999999e-08,4,0.2220477769196417
[FeII]-8414,[Fe II],8414.053,2.67577925,4.14931647,0.023,2.4e-10,10-10,3d6(3H)4s-3d6(1G2)4s,a4H-c2G,9/2-9/2,M1,NIST,,8411.741032957458,$[$Fe II$]$,"$[$Fe II$]\,\lambda8414$",forbidden,2.4e-09,4,0.051846879080743945
[FeII]-8482,[Fe II],8482.196,2.69193206,4.15363129,0.127,1.37e-09,8-8,3d6(3H)4s-3d6(1G2)4s,a4H-c2G,7/2-7/2,M1,NIST,,8479.866211874438,$[$Fe II$]$,"$[$Fe II$]\,\lambda8482$",forbidden,1.096e-08,4,0.2299525220920316
[FeII]-8507,[Fe II],8507.309,2.69193206,4.14931647,0.0159,2.16e-10,8-10,3d6(3H)4s-3d6(1G2)4s,a4H-c2G,7/2-9/2,M1,NIST,,8504.972322533653,$[$Fe II$]$,"$[$Fe II$]\,\lambda8507$",forbidden,1.728e-09,4,0.045144436484448096
[FeII]-8577,[Fe II],8577.21,2.52186911,3.96737644,0.0482,3.54e-10,12-8,3d7-3d7,a2H-b2F,11/2-7/2,E2,NIST,,8574.85412292307,$[$Fe II$]$,"$[$Fe II$]\,\lambda8577$",forbidden,4.248e-09,55,0.6618786041872942
[FeII]-8603,[Fe II],8602.848,2.63486052,4.07605998,0.109,1.21e-09,14-14,3d6(3H)4s-3d6(1I)4s,a4H-a2I,13/2-13/2,M1,NIST,,8600.48519033039,$[$Fe II$]$,"$[$Fe II$]\,\lambda8603$",forbidden,1.6939999999999998e-08,5,0.4625010347262303
[FeII]-8619,[Fe II],8619.317,0.23217279,1.67061856,0.032,2.14e-10,10-6,3d7-3d7,a4F-a4P,9/2-5/2,E2,NIST,,8616.949636910822,$[$Fe II$]$,"$[$Fe II$]\,\lambda8619$",forbidden,2.14e-09,59,0.5498236878142334
[FeII]-8711,[Fe II],8711.161,2.65702556,4.0803055,0.0401,4.6e-10,12-12,3d6(3H)4s-3d6(1I)4s,a4H-a2I,11/2-11/2,M1,NIST,,8708.768598540406,$[$Fe II$]$,"$[$Fe II$]\,\lambda8711$",forbidden,5.52e-09,5,0.14444328605084739
[FeII]-8718,[Fe II],8718.191,1.96448604,3.38661825,0.062,5.65e-10,10-8,3d7-3d6(3F2)4s,a2G-a2F,9/2-7/2,M1+E2,NIST,,8715.796797135656,$[$Fe II$]$,"$[$Fe II$]\,\lambda8718$",forbidden,5.65e-09,43,0.5559889494167726
[FeII]-8737,[Fe II],8737.223,2.65702556,4.07605998,0.0439,5.86e-10,12-14,3d6(3H)4s-3d6(1I)4s,a4H-a2I,11/2-13/2,M1,NIST,,8734.823649499449,$[$Fe II$]$,"$[$Fe II$]\,\lambda8737$",forbidden,7.0320000000000005e-09,5,0.21381168799551126
[FeII]-8741,[Fe II],8741.491,3.19725263,4.6155941,0.223,1.28e-09,4-2,3d6(3P2)4s-3d6(1S2)4s,b2P-a2S,3/2-1/2,M1,NIST,,8739.090795016371,$[$Fe II$]$,"$[$Fe II$]\,\lambda8741$",forbidden,5.12e-09,9,0.36927563404848185
[FeII]-8827,[Fe II],8827.475,2.67577925,4.0803055,0.0424,5.94e-10,10-12,3d6(3H)4s-3d6(1I)4s,a4H-a2I,9/2-11/2,M1,NIST,,8825.051436339385,$[$Fe II$]$,"$[$Fe II$]\,\lambda8827$",forbidden,5.9400000000000006e-09,5,0.1792439912274112
[FeII]-8854,[Fe II],8853.584,2.54377802,3.9441623,0.021,2.4e-10,6-6,3d7-3d7,a2D2-b2F,5/2-5/2,M1,NIST,,8851.15347311629,$[$Fe II$]$,"$[$Fe II$]\,\lambda8854$",forbidden,1.44e-09,0,1.0
[FeII]-8864,[Fe II],8863.859,3.33923354,4.7379945,0.0146,3.4e-10,2-4,3d6(3P2)4s-3d6(1D2)4s,b2P-c2D,1/2-3/2,M1,NIST,,8861.425693360416,$[$Fe II$]$,"$[$Fe II$]\,\lambda8864$",forbidden,6.8e-10,7,0.1849530118351305
[FeII]-8888,[Fe II],8888.104,2.02954815,3.42449356,0.0525,4.66e-10,8-6,3d7-3d6(3F2)4s,a2G-a2F,7/2-5/2,M1+E2,NIST,,8885.664134022301,$[$Fe II$]$,"$[$Fe II$]\,\lambda8888$",forbidden,3.728e-09,43,0.31061922458733804
[FeII]-8894,[Fe II],8894.37,0.30129858,1.6952613,0.0206,1.224e-10,8-4,3d7-3d7,a4F-a4P,7/2-3/2,E2,NIST,,8891.928138830417,$[$Fe II$]$,"$[$Fe II$]\,\lambda8894$",forbidden,9.792e-10,59,0.1854186531859311
[FeII]-9036,[Fe II],9035.971,0.35186476,1.72398297,0.0151,6.16e-11,6-2,3d7-3d7,a4F-a4P,5/2-1/2,E2,NIST,,9033.49072376207,$[$Fe II$]$,"$[$Fe II$]\,\lambda9036$",forbidden,3.696e-10,59,0.04303964956433591
[FeII]-9086,[Fe II],9085.911,2.57958587,3.9441623,0.0376,2.79e-10,10-6,3d7-3d7,a2H-b2F,9/2-5/2,E2,NIST,,9083.417608503232,$[$Fe II$]$,"$[$Fe II$]\,\lambda9086$",forbidden,2.79e-09,55,0.3381213958127057
[FeII]-9136,[Fe II],9136.168,2.02954815,3.38661825,0.0125,1.56e-10,8-8,3d7-3d6(3F2)4s,a2G-a2F,7/2-7/2,M1+E2,NIST,,9133.660606576652,$[$Fe II$]$,"$[$Fe II$]\,\lambda9136$",forbidden,1.248e-09,43,0.1333918259958893
[FeII]-9205,[Fe II],9204.628,2.80665448,4.15363129,0.0354,3.6e-10,10-8,3d6(3F2)4s-3d6(1G2)4s,b4F-c2G,9/2-7/2,M1,NIST,,9202.101976201024,$[$Fe II$]$,"$[$Fe II$]\,\lambda9205$",forbidden,3.6e-09,3,0.033663518012115416
[FeII]-9217,[Fe II],9217.183,3.38661825,4.7317602,0.0444,4.24e-10,8-6,3d6(3F2)4s-3d6(1D2)4s,a2F-c2D,7/2-5/2,M1,NIST,,9214.654077528703,$[$Fe II$]$,"$[$Fe II$]\,\lambda9217$",forbidden,3.392e-09,1,0.2588972743302527
[FeII]-9229,[Fe II],9229.159,0.35186476,1.6952613,0.012,1.021e-10,6-4,3d7-3d7,a4F-a4P,5/2-3/2,E2,NIST,,9226.626535742455,$[$Fe II$]$,"$[$Fe II$]\,\lambda9229$",forbidden,6.126e-10,59,0.13843851682939015
[FeII]-9234,[Fe II],9234.208,2.80665448,4.14931647,0.33,4.22e-09,10-10,3d6(3F2)4s-3d6(1G2)4s,b4F-c2G,9/2-9/2,M1,NIST,,9231.674268948336,$[$Fe II$]$,"$[$Fe II$]\,\lambda9234$",forbidden,4.22e-08,3,0.4909913066769383
[FeII]-9270,[Fe II],9270.098,0.38651921,1.72398297,0.02,1.287e-10,4-2,3d7-3d7,a4F-a4P,3/2-1/2,E2,NIST,,9267.554553203056,$[$Fe II$]$,"$[$Fe II$]\,\lambda9270$",forbidden,5.148e-10,59,0.08327949260610937
[FeII]-9354,[Fe II],9353.706,2.82812245,4.15363129,0.126,1.65e-09,8-8,3d6(3F2)4s-3d6(1G2)4s,b4F-c2G,7/2-7/2,M1,NIST,,9351.140017709567,$[$Fe II$]$,"$[$Fe II$]\,\lambda9354$",forbidden,1.32e-08,3,0.14703086824305164
[FeII]-9384,[Fe II],9384.254,2.82812245,4.14931647,0.111,1.83e-09,8-10,3d6(3F2)4s-3d6(1G2)4s,b4F-c2G,7/2-9/2,M1,NIST,,9381.679546707317,$[$Fe II$]$,"$[$Fe II$]\,\lambda9384$",forbidden,1.464e-08,3,0.2028673412292993
[FeII]-9387,[Fe II],9387.34,2.58265947,3.90341906,0.0426,7.5e-10,6-8,3d6(3P2)4s-3d6(3D)4s,b4P-b4D,5/2-7/2,M1,NIST,,9384.765410944083,$[$Fe II$]$,"$[$Fe II$]\,\lambda9387$",forbidden,4.5e-09,13,0.4895279680837185
[FeII]-9439,[Fe II],9439.216,3.42449356,4.7379945,0.0388,3.46e-10,6-4,3d6(3F2)4s-3d6(1D2)4s,a2F-c2D,5/2-3/2,M1,NIST,,9436.62696440947,$[$Fe II$]$,"$[$Fe II$]\,\lambda9439$",forbidden,2.076e-09,1,0.13019411987579796
[FeII]-9468,[Fe II],9467.954,2.84411707,4.15363129,0.0813,1.46e-09,6-8,3d6(3F2)4s-3d6(1G2)4s,b4F-c2G,5/2-7/2,M1,NIST,,9465.356782582301,$[$Fe II$]$,"$[$Fe II$]\,\lambda9468$",forbidden,8.76e-09,3,0.12544696583859544
[FeII]-9472,[Fe II],9472.006,2.58265947,3.89161339,0.0272,3.66e-10,6-6,3d6(3P2)4s-3d6(3D)4s,b4P-b4D,5/2-5/2,M1,NIST,,9469.408385130067,$[$Fe II$]$,"$[$Fe II$]\,\lambda9472$",forbidden,2.196e-09,13,0.17681135021216754
[FeII]-9484,[Fe II],9484.232,3.42449356,4.7317602,0.081,1.09e-09,6-6,3d6(3F2)4s-3d6(1D2)4s,a2F-c2D,5/2-5/2,M1,NIST,,9481.630774429634,$[$Fe II$]$,"$[$Fe II$]\,\lambda9484$",forbidden,6.539999999999999e-09,1,0.6109086057939492
[FeII]-9493,[Fe II],9493.158,2.58265947,3.88869686,0.0172,1.55e-10,6-4,3d6(3P2)4s-3d6(3D)4s,b4P-b4D,5/2-3/2,M1,NIST,,9490.554757138552,$[$Fe II$]$,"$[$Fe II$]\,\lambda9493$",forbidden,9.300000000000001e-10,13,0.04975458713433188
[FeII]-9516,[Fe II],9516.451,1.96448604,3.26732671,0.0157,2.13e-10,10-10,3d7-3d6(3H)4s,a2G-b2H,9/2-9/2,M1+E2,NIST,,9513.841449194731,$[$Fe II$]$,"$[$Fe II$]\,\lambda9516$",forbidden,2.13e-09,49,0.28530894602218826
[FeII]-9555,[Fe II],9555.343,3.19725263,4.49479059,0.0174,3.57e-10,4-6,3d6(3P2)4s-3d6(3D)4s,b2P-b2D,3/2-5/2,M1+E2,NIST,,9552.722216643328,$[$Fe II$]$,"$[$Fe II$]\,\lambda9555$",forbidden,1.428e-09,11,0.283440347994354
[FeII]-9672,[Fe II],9672.274,3.19725263,4.47910423,0.0702,9.85e-10,4-4,3d6(3P2)4s-3d6(3D)4s,b2P-b2D,3/2-3/2,M1,NIST,,9669.62184592237,$[$Fe II$]$,"$[$Fe II$]\,\lambda9672$",forbidden,3.94e-09,11,0.5119140816123683
[FeII]-9685,[Fe II],9684.73,1.96448604,3.24468891,0.0157,2.65e-10,10-12,3d7-3d6(3H)4s,a2G-b2H,9/2-11/2,M1+E2,NIST,,9682.074971800661,$[$Fe II$]$,"$[$Fe II$]\,\lambda9685$",forbidden,2.65e-09,49,0.4148913206546253
[FeII]-9714,[Fe II],9713.885,3.33923354,4.6155941,0.212,3e-09,2-2,3d6(3P2)4s-3d6(1S2)4s,b2P-a2S,1/2-1/2,M1,NIST,,9711.221574436275,$[$Fe II$]$,"$[$Fe II$]\,\lambda9714$",forbidden,6e-09,9,0.6307243659515183
[FeII]-9798,[Fe II],9797.868,1.07624119,2.34166141,0.015,1.07e-10,4-2,3d6(5D)4s-3d7,a4D-a2P,3/2-1/2,M1,NIST,,9795.181423580822,$[$Fe II$]$,"$[$Fe II$]\,\lambda9798$",forbidden,4.28e-10,24,0.26322115681960134
[FeII]-9952,[Fe II],9951.933,2.52186911,3.76769941,0.0307,3.8e-10,12-10,3d7-3d6(3G)4s,a2H-b2G,11/2-9/2,E2,NIST,,9949.205281008477,$[$Fe II$]$,"$[$Fe II$]\,\lambda9952$",forbidden,4.56e-09,47,0.6138504193377753
[FeII]-10017,[Fe II],10016.67,2.02954815,3.26732671,0.0139,2.61e-10,8-10,3d7-3d6(3H)4s,a2G-b2H,7/2-9/2,M1+E2,NIST,,10013.924938754011,$[$Fe II$]$,"$[$Fe II$]\,\lambda10017$",forbidden,2.088e-09,49,0.29979973332318643
[FeII]-10031,[Fe II],10031.414,1.04046986,2.27642922,0.0148,1.49e-10,6-4,3d6(5D)4s-3d7,a4D-a2P,5/2-3/2,M1,NIST,,10028.664443424195,$[$Fe II$]$,"$[$Fe II$]\,\lambda10031$",forbidden,8.94e-10,24,0.7367788431803987
[FeII]-10041,[Fe II],10041.461,2.57958587,3.81430861,0.0268,3.24e-10,10-8,3d7-3d6(3G)4s,a2H-b2G,9/2-7/2,E2,NIST,,10038.70852080973,$[$Fe II$]$,"$[$Fe II$]\,\lambda10041$",forbidden,3.2400000000000004e-09,47,0.3861495806622247
[FeII]-10464,[Fe II],10464.183,2.70434897,3.8891925,0.0376,3.09e-10,4-2,3d6(3P2)4s-3d6(3D)4s,b4P-b4D,3/2-1/2,M1,NIST,,10461.316237997931,$[$Fe II$]$,"$[$Fe II$]\,\lambda10464$",forbidden,1.236e-09,13,0.03700805577784883
[FeII]-10469,[Fe II],10468.562,2.70434897,3.88869686,0.0372,6.11e-10,4-4,3d6(3P2)4s-3d6(3D)4s,b4P-b4D,3/2-3/2,M1,NIST,,10465.694450647447,$[$Fe II$]$,"$[$Fe II$]\,\lambda10469$",forbidden,2.444e-09,13,0.14625599535589026
[FeII]-10877,[Fe II],10877.041,3.33923354,4.47910423,0.0158,5.6e-10,2-4,3d6(3P2)4s-3d6(3D)4s,b2P-b2D,1/2-3/2,M1,NIST,,10874.062280529593,$[$Fe II$]$,"$[$Fe II$]\,\lambda10877$",forbidden,1.12e-09,11,0.2046455703932777
[FeII]-10890,[Fe II],10889.855,2.67577925,3.81430861,0.0225,3.2e-10,10-8,3d6(3H)4s-3d6(3G)4s,a4H-b2G,9/2-7/2,M1,NIST,,10886.872904939522,$[$Fe II$]$,"$[$Fe II$]\,\lambda10890$",forbidden,3.1999999999999997e-09,6,0.31644207758848
[FeII]-11047,[Fe II],11046.578,2.69193206,3.81430861,0.015,2.74e-10,8-8,3d6(3H)4s-3d6(3G)4s,a4H-b2G,7/2-7/2,M1,NIST,,11043.552993556339,$[$Fe II$]$,"$[$Fe II$]\,\lambda11047$",forbidden,2.192e-09,6,0.2595839356271946
[FeII]-11162,[Fe II],11162.415,2.7784633,3.8891925,0.0546,1.02e-09,2-2,3d6(3P2)4s-3d6(3D)4s,b4P-b4D,1/2-1/2,M1,NIST,,11159.358868653011,$[$Fe II$]$,"$[$Fe II$]\,\lambda11162$",forbidden,2.04e-09,13,0.10064204343604302
[FeII]-11163,[Fe II],11162.971,2.65702556,3.76769941,0.0225,3.5e-10,12-10,3d6(3H)4s-3d6(3G)4s,a4H-b2G,11/2-9/2,M1,NIST,,11159.914617838263,$[$Fe II$]$,"$[$Fe II$]\,\lambda11163$",forbidden,4.1999999999999996e-09,6,0.4239739867843254
[FeII]-11305,[Fe II],11304.541,2.80665448,3.90341906,0.0135,2.07e-10,10-8,3d6(3F2)4s-3d6(3D)4s,b4F-b4D,9/2-7/2,M1+E2,NIST,,11301.446007907876,$[$Fe II$]$,"$[$Fe II$]\,\lambda11305$",forbidden,2.07e-09,0,1.0
