ion,wave_vac,terms,line_ratio,configuration,multiplet
Fe II,3003.5173269637316,a4P,0.3347222222222222,,9
Fe II,3011.089214105335,z4P*,0.05105263157894737,,28
Fe II,3017.0006882580155,d4P,0.3085889570552147,,24
Fe II,3034.3200113588186,z4P*,0.05789473684210526,,28
Fe II,3037.8508934581287,z4P*,0.2431578947368421,,28
Fe II,3049.8678974705745,z4P*,0.3,,28
Fe II,3056.240491656857,z4P*,0.24526315789473685,,28
Fe II,3072.0144411277574,z4P*,0.20210526315789473,,28
Fe II,3077.3257720558895,z4P*,0.41947368421052633,,28
Fe II,3079.5723351680003,z4P*,1.0,,28
Fe II,3162.8912847421816,a4P,0.19166666666666668,,9
Fe II,3164.0115672565616,a4P,0.24513888888888888,,9
Fe II,3167.5864689220807,a4P,0.11041666666666666,,9
Fe II,3171.246392254909,a4P,0.10138888888888889,,9
Fe II,3184.0326197458885,a4P,0.28680555555555554,,9
Fe II,3186.2371764922937,a4P,0.2125,,9
Fe II,3187.652533973702,a4P,0.15833333333333333,,9
Fe II,3193.831094896853,a4P,0.17708333333333334,,9
Fe II,3194.7153183339174,a4P,0.11875,,9
Fe II,3196.990893414191,a4P,0.4097222222222222,,9
Fe II,3211.366528334719,a4P,0.1597222222222222,,9
Fe II,3214.232253336386,a4P,0.20208333333333334,,9
Fe II,3228.672908657434,a4P,0.4666666666666667,,9
Fe II,3256.828044756517,a4D,1.0,,5
Fe II,3278.292493070029,a4D,0.8687258687258688,,5
Fe II,3282.236494911583,a4D,0.38996138996138996,,5
Fe II,3296.7721891603182,a4D,0.15791505791505792,,5
Fe II,3304.418133591381,a4D,0.20772200772200772,,5
Fe II,3416.990853488773,a2P,0.4778225806451613,,4
Fe II,3444.8139767431144,a2P,0.3064516129032258,,4
Fe II,3495.6640190112985,a2P,1.0,,4
Fe II,3508.4082923571145,a2P,0.2862903225806452,,4
Fe II,3509.205497178078,a4P,0.15763888888888888,,9
Fe II,928.8701547722119,a6D,0.029522388059701494,,10
Fe II,1134.2860266022894,a4F,0.46198347107438015,,6
Fe II,1136.1884285507451,a4F,0.0428099173553719,,6
Fe II,1139.5476782287394,a4F,0.20082644628099172,,6
Fe II,1144.652666505415,b4P,0.22822822822822822,,19
Fe II,1160.0956570291196,a4H,0.19738562091503267,,8
Fe II,1171.147702489392,b4F,0.05897435897435897,,17
Fe II,1176.5395588005997,b4F,0.1482051282051282,,17
Fe II,1200.2404271201387,a4H,0.18594771241830066,,8
Fe II,1209.996133904237,a4D,0.1613899613899614,,5
Fe II,1212.5510693138804,a4D,0.03127413127413128,,5
Fe II,1213.6546168284158,a4G,0.03982832618025751,,7
Fe II,1264.24989276186,a4G,0.03579399141630901,,7
Fe II,1265.6185326686702,a4G,0.027510729613733905,,7
Fe II,1266.1853847227762,a4G,0.02738197424892704,,7
Fe II,1266.8012247776694,a4G,0.050643776824034335,,7
Fe II,1267.072154670326,a4G,0.06652360515021459,,7
Fe II,1275.014167654099,b2H,0.4373913043478261,,14
Fe II,1286.9724082852067,a4P,0.055,,9
Fe II,1289.265908662866,a4P,0.03666666666666667,,9
Fe II,1289.6358289262148,a4P,0.07847222222222222,,9
Fe II,1292.0853067750195,a4P,0.0475,,9
Fe II,1292.124298544373,a4P,0.07430555555555556,,9
Fe II,1292.9461256523498,a4P,0.06402777777777778,,9
Fe II,1294.1328779451287,a4P,0.08055555555555556,,9
Fe II,1294.2868459759197,a4P,0.03652777777777778,,9
Fe II,1295.4466063979546,a4P,0.07777777777777778,,9
Fe II,1296.625365099428,a4P,0.04791666666666667,,9
Fe II,1296.8263241816128,a4P,0.08680555555555555,,9
Fe II,1299.341817331169,a4P,0.04097222222222222,,9
Fe II,1299.819722141326,a4P,0.08402777777777778,,9
Fe II,1299.9716919447385,a4P,0.035486111111111114,,9
Fe II,1300.5335806013,a4P,0.050486111111111114,,9
Fe II,1301.751340924263,b4D,0.0858974358974359,,16
Fe II,1309.5058652636112,a2I,0.7804878048780488,,3
Fe II,1310.0927570074261,a2I,1.0,,3
Fe II,1311.1265674436281,b2G,0.09183417085427135,,13
Fe II,1311.5994812044826,a2I,0.989159891598916,,3
Fe II,1312.152380755289,b2G,0.06884422110552764,,13
Fe II,1313.0272226379313,b4D,0.21314102564102563,,16
Fe II,1333.264820972051,b4D,0.10288461538461538,,16
Fe II,1353.2658533685055,b4D,0.19230769230769232,,16
Fe II,1355.2785714573142,a2I,0.8658536585365854,,3
Fe II,1364.9632479143063,b2P,1.0,,15
Fe II,1378.9644064065653,b2H,0.4391304347826087,,14
Fe II,1380.240241371923,a2P,0.11008064516129032,,4
Fe II,1385.1976025254726,b4P,0.05185185185185185,,19
Fe II,1409.783411479332,a2F,1.0,,0
Fe II,1424.2114200077879,b4P,0.07847847847847848,,19
Fe II,1427.6539191848576,b4P,0.0968968968968969,,19
Fe II,1437.9763339929061,b4P,0.16316316316316315,,19
Fe II,1441.5057573300337,b4P,0.051351351351351354,,19
Fe II,1444.2562934489993,b2G,0.06721105527638191,,13
Fe II,1453.4386377907783,b4P,0.15615615615615616,,19
Fe II,1454.2194884211715,b4P,0.05165165165165165,,19
Fe II,1460.6052081692092,b4P,0.06266266266266267,,19
Fe II,1465.2961932332298,b4F,0.08051282051282051,,17
Fe II,1465.496148419058,b4F,0.09743589743589744,,17
Fe II,1467.469698857419,b4F,0.028102564102564103,,17
Fe II,1468.0055744592864,b4F,0.0841025641025641,,17
Fe II,1474.8178984919455,b4F,0.04235897435897436,,17
Fe II,1475.1088227307819,b2G,1.0,,13
Fe II,1476.293510398358,b4F,0.06820512820512821,,17
Fe II,1491.1129957764817,b2F,0.5835010060362174,,12
Fe II,1495.282479121178,b2F,0.5875251509054326,,12
Fe II,1498.232325440115,b2F,1.0,,12
Fe II,1508.7225708881197,a4G,0.02459227467811159,,7
Fe II,1535.3180734183752,a4G,0.1111587982832618,,7
Fe II,1536.8374417095908,a4G,0.12703862660944207,,7
Fe II,1538.5814670320465,a4G,0.03317596566523605,,7
Fe II,1539.1078483946899,a4G,0.0759656652360515,,7
Fe II,1539.5203559376432,a4G,0.17639484978540773,,7
Fe II,1539.935852967023,a4G,0.13390557939914163,,7
Fe II,1540.8427302748942,a4G,0.054935622317596564,,7
Fe II,1543.7039483850112,a4G,0.05021459227467811,,7
Fe II,1547.5282461851177,a4G,0.06094420600858369,,7
Fe II,1550.9573797859555,a4G,0.023047210300429184,,7
Fe II,1574.8724527686154,b4D,0.08493589743589744,,16
Fe II,1578.2662367083058,b4D,0.1,,16
Fe II,1578.838271443546,a2D,1.0,,0
Fe II,1614.982908215038,b4D,0.10256410256410256,,16
Fe II,1634.3338279505797,b4D,0.08477564102564103,,16
Fe II,1640.2140327353559,b4D,0.11987179487179488,,16
Fe II,1640.3196329638906,b4D,0.1794871794871795,,16
Fe II,1640.9841713174287,b4D,0.12467948717948718,,16
Fe II,1642.4809487000653,b4D,0.1141025641025641,,16
Fe II,1642.8876017389148,b4D,0.09038461538461538,,16
Fe II,1671.759987119595,b4D,0.13317307692307692,,16
Fe II,1671.9068429421582,b4D,0.09711538461538462,,16
Fe II,1672.3054552086764,b4D,0.22275641025641027,,16
Fe II,1675.5195115846823,b4D,0.1407051282051282,,16
Fe II,1676.1439751963799,b4D,0.22275641025641027,,16
Fe II,1676.8024213773022,b4D,0.2948717948717949,,16
Fe II,1678.8537699681217,b4D,0.21153846153846154,,16
Fe II,1680.3466347544527,b4D,0.11442307692307692,,16
Fe II,1680.9441952424602,b4D,0.11698717948717949,,16
Fe II,1682.134344186314,b4D,0.1407051282051282,,16
Fe II,1683.6363144746383,b4D,0.4375,,16
Fe II,1684.3508412497615,b4D,0.16346153846153846,,16
Fe II,1688.3773604503185,b4D,0.20192307692307693,,16
Fe II,1691.0928507008548,b4D,0.1971153846153846,,16
Fe II,1698.0045168251906,b4D,0.0810897435897436,,16
Fe II,1698.3303758157688,b4D,0.10528846153846154,,16
Fe II,1720.9012669060287,b4G,0.04488188976377953,,18
Fe II,1722.3639507620305,b2P,0.8439597315436241,,15
Fe II,1724.310551595231,b4G,0.09448818897637795,,18
Fe II,1726.0142216400282,b4G,0.12598425196850394,,18
Fe II,1736.3055744073997,b4G,0.09685039370078741,,18
Fe II,1740.1650925800836,c4F,0.16524590163934427,,21
Fe II,1780.1211774083263,b4G,0.03960629921259842,,18
Fe II,1785.5132379852353,b4G,0.11968503937007874,,18
Fe II,1785.8942444622926,a6S,0.24875621890547264,,11
Fe II,1786.107248205875,b4G,0.0984251968503937,,18
Fe II,1787.37527229366,a6S,0.18034825870646767,,11
Fe II,1788.437294812683,b4G,0.08976377952755905,,18
Fe II,1788.619298883729,a6S,0.15298507462686567,,11
Fe II,1790.4663436517112,b4G,0.11023622047244094,,18
Fe II,1794.617466530078,b4G,0.048188976377952754,,18
Fe II,1796.2225220055125,b4G,0.05062992125984252,,18
Fe II,1799.9386667423614,b4G,0.08346456692913386,,18
Fe II,1800.4076865842355,b4G,0.0678740157480315,,18
Fe II,1806.1559571558673,b4G,0.04417322834645669,,18
Fe II,1806.3419667332334,b4D,0.09647435897435898,,16
Fe II,1806.4669731978058,b4G,0.3299212598425197,,18
Fe II,1809.7801526581418,b4G,0.06338582677165354,,18
Fe II,1812.8893349075952,b4D,0.09487179487179487,,16
Fe II,1813.6603821135175,b4D,0.10064102564102564,,16
Fe II,1817.9996621636253,b4D,0.12051282051282051,,16
Fe II,1818.1306709903783,b4D,0.11073717948717948,,16
Fe II,1821.536907886694,b4G,0.08267716535433071,,18
Fe II,1827.8543835104347,b4G,0.04062992125984252,,18
Fe II,1831.0886443227128,b4G,0.06874015748031496,,18
Fe II,1832.6047704486107,b4G,0.09370078740157481,,18
Fe II,1834.2709118299847,b4G,0.1094488188976378,,18
Fe II,1835.589025703652,b4G,0.12677165354330708,,18
Fe II,1840.427458589938,b4G,0.11653543307086614,,18
Fe II,1840.624476701048,b4G,0.10393700787401575,,18
Fe II,1842.3356355558412,b4G,0.2220472440944882,,18
Fe II,1843.88578184005,b4G,0.2559055118110236,,18
Fe II,1844.1128034509375,b4G,0.2188976377952756,,18
Fe II,1852.979683568948,b4G,0.08976377952755905,,18
Fe II,1853.6547533587368,b4G,0.15039370078740158,,18
Fe II,1853.9817873048237,b4G,0.09606299212598425,,18
Fe II,1854.4048313485569,b4G,0.05149606299212599,,18
Fe II,1870.181574410617,b4G,0.658267716535433,,18
Fe II,1873.2669367851095,b4G,1.0,,18
Fe II,1873.6019765331941,b4G,0.07763779527559055,,18
Fe II,1878.3455474500147,b4G,0.04078740157480315,,18
Fe II,1881.159893201397,b4G,0.1110236220472441,,18
Fe II,1891.274176761382,b4G,0.04952755905511811,,18
Fe II,1891.6822298397612,b4G,0.04535433070866142,,18
Fe II,1902.1366219549814,b4G,0.054409448818897636,,18
Fe II,1921.6203690043383,b2F,0.6086519114688129,,12
Fe II,1928.5543901289634,b2F,0.7977867203219315,,12
Fe II,1966.8383796118674,d2D,1.0,,0
Fe II,1970.9710579898165,b4G,0.247244094488189,,18
Fe II,1974.7966909587212,b4G,0.32677165354330706,,18
Fe II,1979.152417331089,b4G,0.33385826771653543,,18
Fe II,1983.7081833873897,b4G,0.29606299212598425,,18
Fe II,2021.1306999569597,d4P,0.3128834355828221,,24
Fe II,2100.1535265122943,b2D,1.0,,0
Fe II,2146.720788270426,a6D,0.03582089552238806,,10
Fe II,2187.979251763507,c2D,1.0,,0
Fe II,2241.041436722413,a6D,0.02283582089552239,,10
Fe II,2244.579193190785,a4F,0.04239669421487603,,6
Fe II,2245.306348832795,a4F,0.1206611570247934,,6
Fe II,2246.1985398718157,z6D*,0.05756756756756757,,29
Fe II,2249.8753279963735,a6D,0.10626865671641791,,10
Fe II,2250.8745424110843,a6D,0.03313432835820895,,10
Fe II,2251.634705595357,a6D,0.050746268656716415,,10
Fe II,2252.252838331863,a6D,0.02946268656716418,,10
Fe II,2253.8231757113304,a6D,0.10626865671641791,,10
Fe II,2256.3877272105506,z6D*,0.049189189189189186,,29
Fe II,2256.68679156507,a6D,0.028298507462686567,,10
Fe II,2258.9272739609796,y4G*,1.0,,0
Fe II,2260.7826738108843,a6D,0.20746268656716418,,10
Fe II,2260.9367070208045,a6D,0.01817910447761194,,10
Fe II,2261.560841608891,a6D,0.046567164179104475,,10
Fe II,2263.3862354490725,a6D,0.02408955223880597,,10
Fe II,2266.6949501300132,a6D,0.03582089552238806,,10
Fe II,2268.2852940103153,a6D,0.09462686567164179,,10
Fe II,2269.2635056467348,a6D,0.017701492537313433,,10
Fe II,2269.5235619250243,a6D,0.06895522388059701,,10
Fe II,2276.7541291843822,a6D,0.023074626865671643,,10
Fe II,2280.6219695208406,a6D,0.20328358208955224,,10
Fe II,2287.850543622731,d2F,1.0,,0
Fe II,2308.431050198786,c4F,0.18622950819672132,,21
Fe II,2309.4782804742085,c4F,0.1960655737704918,,21
Fe II,2311.9978348712993,c4F,0.26786885245901637,,21
Fe II,2312.0038361924426,c4F,0.24655737704918032,,21
Fe II,2315.5816243405993,c4F,0.2,,21
Fe II,2327.0711623724824,c4F,0.24491803278688526,,21
Fe II,2328.1133931217396,a6D,0.056119402985074625,,10
Fe II,2332.0202588593993,a4F,0.3859504132231405,,6
Fe II,2333.5155905314373,a6D,0.07791044776119403,,10
Fe II,2338.7277479670147,a6D,0.05701492537313433,,10
Fe II,2341.2953189002205,c4F,0.32721311475409837,,21
Fe II,2344.21596895454,a6D,0.09492537313432836,,10
Fe II,2344.6790720874865,a4F,0.20826446280991737,,6
Fe II,2345.0031442678905,a6D,0.056716417910447764,,10
Fe II,2348.117838404124,X4G*,0.5248756218905473,,2
Fe II,2348.832997886021,a4F,0.412396694214876,,6
Fe II,2348.984031571693,c4F,0.23245901639344263,,21
Fe II,2349.02204004915,a6D,0.0791044776119403,,10
Fe II,2350.0192625092714,X4G*,0.13905472636815921,,2
Fe II,2351.747648252008,X4G*,1.0,,2
Fe II,2352.682857064968,c4F,0.2967213114754098,,21
Fe II,2355.090394915334,X4G*,0.3358208955223881,,2
Fe II,2355.610511166601,a4F,0.17520661157024794,,6
Fe II,2356.0716142443894,z6F*,0.02683168316831683,,30
Fe II,2357.661969881337,c4F,0.18032786885245902,,21
Fe II,2359.8274544251917,a6D,0.08119402985074627,,10
Fe II,2359.829454872965,z6F*,0.04693069306930693,,30
Fe II,2360.7226548324934,a4F,0.6743801652892562,,6
Fe II,2361.0137200053373,a4F,0.19586776859504132,,6
Fe II,2362.4600439445294,z6F*,0.029504950495049503,,30
Fe II,2362.7401066887514,a4F,0.36446280991735536,,6
Fe II,2364.5815193722206,z6F*,0.13564356435643565,,30
Fe II,2365.029619833835,c4F,0.380327868852459,,21
Fe II,2365.5537373562497,a6D,0.09731343283582089,,10
Fe II,2367.3171329046268,a4F,0.1933884297520661,,6
Fe II,2368.7794610879296,c4F,0.3540983606557377,,21
Fe II,2369.3165816693468,a4F,0.15206611570247933,,6
Fe II,2370.3938235672385,c4F,0.26721311475409837,,21
Fe II,2370.683888716217,z6F*,0.23415841584158417,,30
Fe II,2371.2230098191912,a4F,0.16611570247933885,,6
Fe II,2372.9243921352036,c4F,0.3639344262295082,,21
Fe II,2373.530528388507,c4F,0.2937704918032787,,21
Fe II,2373.8826075441334,c4F,0.20295081967213116,,21
Fe II,2374.4577368652685,a6D,0.31044776119402984,,10
Fe II,2374.847824591865,c4P,0.34539473684210525,,22
Fe II,2375.3679415771494,c4P,0.19572368421052633,,22
Fe II,2375.5969931016402,c4F,0.25311475409836065,,21
Fe II,2375.9150646569838,a4F,0.11074380165289256,,6
Fe II,2379.999984248436,a4F,0.39173553719008264,,6
Fe II,2380.1450169191476,c4F,0.16918032786885245,,21
Fe II,2381.1582452038047,X4F*,0.5194117647058824,,1
Fe II,2381.491320262415,a6D,0.09880597014925373,,10
Fe II,2382.764607268178,a6D,1.0,,10
Fe II,2383.0856796571143,a4F,0.17024793388429751,,6
Fe II,2383.2947267926324,y4H*,1.0,,25
Fe II,2383.6318028021115,a2H,1.0,,0
Fe II,2383.7898384412692,a6D,0.11223880597014925,,10
Fe II,2383.9428729542265,c4P,0.5723684210526315,,22
Fe II,2383.969879044914,a4F,0.19173553719008266,,6
Fe II,2385.1101362525283,X4F*,0.3023529411764706,,1
Fe II,2385.112136703847,a4F,0.14049586776859505,,6
Fe II,2385.730276174438,a4F,0.29256198347107437,,6
Fe II,2387.1035861264704,z4F*,0.02,,27
Fe II,2389.3590954644405,a6D,0.15701492537313433,,10
Fe II,2390.0392491235116,X4F*,1.0,,1
Fe II,2392.2087394577266,a4F,0.5801652892561984,,6
Fe II,2392.4677980294778,c4P,0.12664473684210525,,22
Fe II,2394.9763654339154,y4H*,0.7343957503320053,,25
Fe II,2395.8705677914,c4P,0.3404605263157895,,22
Fe II,2396.150631180453,a6D,0.06597014925373135,,10
Fe II,2396.3526769143427,a6D,0.27223880597014927,,10
Fe II,2398.4941618136218,c4P,0.5361842105263158,,22
Fe II,2399.3843634718182,z4D*,0.040705882352941175,,26
Fe II,2399.962494464162,a4F,0.1256198347107438,,6
Fe II,2399.974497183958,a6D,0.11194029850746269,,10
Fe II,2402.0219612734772,z4D*,0.03388235294117647,,26
Fe II,2403.329257735259,a4F,0.2727272727272727,,6
Fe II,2405.164674148235,a6D,0.05373134328358209,,10
Fe II,2405.6197774341913,a6D,0.15402985074626865,,10
Fe II,2405.9478518991677,c4P,0.12828947368421054,,22
Fe II,2406.4179586141195,z4D*,0.024,,26
Fe II,2407.39518049049,a6D,0.06656716417910448,,10
Fe II,2407.963309511297,c4P,0.14720394736842105,,22
Fe II,2409.388633290101,z4D*,0.014635294117647059,,26
Fe II,2411.25505746616,a6D,0.11223880597014925,,10
Fe II,2411.8031820787623,a6D,0.054626865671641794,,10
Fe II,2414.045692097437,a6D,0.06686567164179104,,10
Fe II,2415.7950901873023,c4P,0.4967105263157895,,22
Fe II,2415.930120922665,c4P,0.15970394736842106,,22
Fe II,2417.186406930292,z4F*,0.022708333333333334,,27
Fe II,2419.16885845879,z4F*,0.019083333333333334,,27
Fe II,2419.3999110999375,c4P,0.5345394736842105,,22
Fe II,2424.879160418739,b4F,0.029128205128205128,,17
Fe II,2431.134588970679,c4F,0.9245901639344263,,21
Fe II,2431.1996038306374,c4P,0.46875,,22
Fe II,2431.731725463306,c4P,0.16776315789473684,,22
Fe II,2439.2564472934714,c4P,0.8453947368421053,,22
Fe II,2439.341466767241,c4F,0.19704918032786886,,21
Fe II,2440.0396266975063,a4G,0.030987124463519315,,7
Fe II,2440.1836596953185,z6D*,0.06351351351351352,,29
Fe II,2440.667770613652,c4F,0.3177049180327869,,21
Fe II,2441.871046365447,z4F*,0.02125,,27
Fe II,2443.330380912419,c4F,0.7967213114754098,,21
Fe II,2444.6616862185915,c4F,0.6065573770491803,,21
Fe II,2445.257822963456,b4P,0.05775775775775776,,19
Fe II,2446.019997825331,c4F,0.16459016393442624,,21
Fe II,2447.2152721194398,a4H,0.257516339869281,,8
Fe II,2447.5173414521664,c4P,0.45230263157894735,,22
Fe II,2448.852648003278,c4P,1.0,,22
Fe II,2450.471019677604,a4F,0.10413223140495868,,6
Fe II,2451.8443351914875,a4F,0.171900826446281,,6
Fe II,2453.487712894203,c4F,0.20655737704918034,,21
Fe II,2454.7239971357594,z4D*,0.020847058823529413,,26
Fe II,2456.199336454615,c4F,0.2537704918032787,,21
Fe II,2456.4573958194587,z4F*,0.01872916666666667,,27
Fe II,2457.7096839540136,c4P,0.625,,22
Fe II,2457.848715948908,c4P,0.6677631578947368,,22
Fe II,2458.325825752709,z4D*,0.0124,,26
Fe II,2459.527102276203,a4G,0.022575107296137337,,7
Fe II,2460.7623867133907,c4F,0.27737704918032785,,21
Fe II,2461.1814832343775,z4F*,0.13145833333333334,,27
Fe II,2463.06391689486,z4F*,0.013541666666666667,,27
Fe II,2463.4900150837634,c4F,1.0,,21
Fe II,2473.359292168296,z4F*,0.09083333333333334,,27
Fe II,2473.654360330784,c4P,0.46710526315789475,,22
Fe II,2474.205487657255,c4P,0.14736842105263157,,22
Fe II,2475.208719475793,a4F,0.08429752066115702,,6
Fe II,2475.8658713548975,z4F*,0.052083333333333336,,27
Fe II,2476.2889691525684,z4F*,0.064375,,27
Fe II,2477.428232538134,a4F,0.34545454545454546,,6
Fe II,2482.8674910079394,a4H,0.272875816993464,,8
Fe II,2483.408616294324,a4G,0.02819742489270386,,7
Fe II,2483.415617915507,d2G,1.0,,0
Fe II,2483.618664930987,z4D*,0.014635294117647059,,26
Fe II,2484.9469725548192,a4F,1.0,,6
Fe II,2485.19703047651,z4D*,0.04588235294117647,,26
Fe II,2485.76016092841,c4F,0.5737704918032787,,21
Fe II,2485.8251759905556,a4F,0.12231404958677686,,6
Fe II,2487.6395964313165,c4F,0.179672131147541,,21
Fe II,2490.2361984252166,a4H,0.20326797385620915,,8
Fe II,2493.937057045128,a4H,0.296078431372549,,8
Fe II,2494.012074457041,a4H,1.0,,8
Fe II,2494.6332186390196,z4D*,0.019152941176470588,,26
Fe II,2499.6493837458743,a4H,0.24836601307189543,,8
Fe II,2504.079413795742,a4G,0.026738197424892703,,7
Fe II,2505.9708538919517,a4F,0.25950413223140495,,6
Fe II,2506.849058292869,a4G,0.023948497854077253,,7
Fe II,2507.552221981656,c4F,0.28885245901639345,,21
Fe II,2508.3534085197803,z6D*,0.11531531531531532,,29
Fe II,2508.442429248255,z6D*,0.3207207207207207,,29
Fe II,2510.6199364060058,z6D*,0.04684684684684685,,29
Fe II,2512.1262873869014,a4F,0.32066115702479336,,6
Fe II,2512.5233799288326,a4H,0.2045751633986928,,8
Fe II,2513.909703071991,z6D*,0.34864864864864864,,29
Fe II,2521.024362967161,z6D*,0.2063063063063063,,29
Fe II,2524.2011049321354,z6D*,0.10720720720720721,,29
Fe II,2526.1465595606833,a4H,0.30130718954248364,,8
Fe II,2526.679684177635,z6D*,1.0,,29
Fe II,2527.050770926718,b4P,0.07797797797797798,,19
Fe II,2527.591897438108,a4F,0.09586776859504133,,6
Fe II,2529.990458375722,b2H,0.4991304347826087,,14
Fe II,2530.3065323149617,b4F,0.02753846153846154,,17
Fe II,2530.86166218833,z6D*,0.5342342342342342,,29
Fe II,2534.3874874075645,a4H,0.24836601307189543,,8
Fe II,2537.6062412787464,a4H,0.28104575163398693,,8
Fe II,2537.903310881037,z6D*,0.309009009009009,,29
Fe II,2539.444672083727,z6D*,0.9819819819819819,,29
Fe II,2539.7557449942915,a4H,0.26437908496732027,,8
Fe II,2543.0835252604834,a4F,0.06297520661157024,,6
Fe II,2544.137772559546,a4H,0.19869281045751633,,8
Fe II,2550.918364356517,z6D*,0.10810810810810811,,29
Fe II,2563.3032773015198,a4D,0.14054054054054055,,5
Fe II,2564.247499670706,a4D,0.07683397683397683,,5
Fe II,2567.6803084534595,a4D,0.06332046332046332,,5
Fe II,2575.139067582218,b4P,0.08308308308308308,,19
Fe II,2578.6929066125354,a4D,0.06332046332046332,,5
Fe II,2579.8921898780213,z4P*,0.04136842105263158,,28
Fe II,2583.3600093153605,a4D,0.07297297297297298,,5
Fe II,2586.651787637992,a6D,0.3611940298507463,,10
Fe II,2592.3181285062306,a4D,0.1498069498069498,,5
Fe II,2593.5574219525383,a2I,0.9905149051490515,,3
Fe II,2594.507646996019,a4D,0.06254826254826255,,5
Fe II,2599.1457459943945,a6D,0.22268656716417912,,10
Fe II,2600.1729895226963,a6D,0.41194029850746267,,10
Fe II,2607.8698156108308,a6D,0.1582089552238806,,10
Fe II,2611.8517613000367,a4D,0.13590733590733592,,5
Fe II,2612.6559523699448,a6D,0.35522388059701493,,10
Fe II,2614.6064158957956,a6D,0.12208955223880597,,10
Fe II,2618.3983174816017,a6D,0.24328358208955222,,10
Fe II,2621.194982807476,a6D,0.1391044776119403,,10
Fe II,2622.453282259467,a6D,0.1271641791044776,,10
Fe II,2625.8420890488924,b4G,0.059133858267716534,,18
Fe II,2626.27319171651,a2I,0.7479674796747967,,3
Fe II,2626.451234119687,a6D,0.4835820895522388,,10
Fe II,2629.081860785692,a6D,0.1635820895522388,,10
Fe II,2631.831516100151,a6D,0.23402985074626867,,10
Fe II,2632.1095823872315,a6D,0.382089552238806,,10
Fe II,2632.388648915822,b4F,0.036923076923076927,,17
Fe II,2651.2751584533685,z4P*,0.06736842105263158,,28
Fe II,2670.7238163905186,c4P,0.09375,,22
Fe II,2681.8374843645693,c4P,0.15148026315789473,,22
Fe II,2693.4032655834753,b2G,0.06407035175879397,,13
Fe II,2693.633320952839,a4D,0.09884169884169884,,5
Fe II,2699.9948527704305,c4P,0.10526315789473684,,22
Fe II,2710.184309251249,a4D,0.07065637065637066,,5
Fe II,2711.3535913702567,c4P,0.1569078947368421,,22
Fe II,2712.64490298604,a4G,0.04592274678111588,,7
Fe II,2715.2155234895445,a4D,0.10501930501930502,,5
Fe II,2717.3690434841246,z2I*,1.0,,0
Fe II,2717.499074886852,a4D,0.10115830115830116,,5
Fe II,2718.325274428243,b4G,0.06393700787401575,,18
Fe II,2718.771382180473,z6P*,0.4056795131845842,,31
Fe II,2719.4455450294854,c4F,0.36065573770491804,,21
Fe II,2721.6950885335145,c4F,0.2022950819672131,,21
Fe II,2725.6920546425467,a4D,0.1274131274131274,,5
Fe II,2728.344696106832,a4D,0.0891891891891892,,5
Fe II,2728.7447928788006,z6P*,0.12961460446247464,,31
Fe II,2730.396192360953,c4F,0.31114754098360653,,21
Fe II,2731.543469946208,a4D,0.10926640926640926,,5
Fe II,2733.254884105283,a4F,0.9256198347107438,,6
Fe II,2733.755005151765,c4F,0.4459016393442623,,21
Fe II,2737.771977693199,a4D,0.06332046332046332,,5
Fe II,2739.2033243605424,b4G,0.13228346456692913,,18
Fe II,2740.356603729192,a4D,0.2166023166023166,,5
Fe II,2742.121031224593,c4F,0.43934426229508194,,21
Fe II,2744.009488881828,a4D,0.10926640926640926,,5
Fe II,2744.0364954275465,z6F*,0.0252970297029703,,30
Fe II,2746.9401993498595,z6F*,0.029504950495049503,,30
Fe II,2747.1632534342793,c4F,0.6,,21
Fe II,2747.296285691663,a4D,0.12162162162162163,,5
Fe II,2747.793406237415,a4D,0.1138996138996139,,5
Fe II,2747.9334401953874,z6F*,0.100990099009901,,30
Fe II,2749.990939207065,a4D,0.08725868725868725,,5
Fe II,2750.1319734174654,a4D,0.2277992277992278,,5
Fe II,2750.2950129664464,a4D,0.062162162162162166,,5
Fe II,2750.297013451715,c4F,0.29081967213114757,,21
Fe II,2752.96466067061,z6F*,0.07425742574257425,,30
Fe II,2753.8378725763437,c4F,0.8065573770491803,,21
Fe II,2754.1049373908095,b2H,0.5269565217391304,,14
Fe II,2755.7033253536083,z6F*,0.36386138613861385,,30
Fe II,2756.5535317495674,a4D,0.3444015444015444,,5
Fe II,2762.627006803796,a4D,0.07606177606177607,,5
Fe II,2763.148133422485,z6F*,0.1618811881188119,,30
Fe II,2765.9158060279988,b4G,0.12598425196850394,,18
Fe II,2768.2353699156056,z6F*,0.03306930693069307,,30
Fe II,2768.319390344143,b2H,1.0,,14
Fe II,2768.3363944785156,z6F*,1.0,,30
Fe II,2769.750738392231,a4D,0.08725868725868725,,5
Fe II,2770.17084055666,a4G,0.029871244635193132,,7
Fe II,2777.7286794647985,z6F*,0.27623762376237626,,30
Fe II,2786.0166980218487,z6F*,0.07128712871287128,,30
Fe II,2788.062196522208,z6P*,0.2332657200811359,,31
Fe II,2790.555804397892,b4G,0.044488188976377956,,18
Fe II,2810.6096996407236,z6P*,0.6044624746450304,,31
Fe II,2821.7844324652506,z4D*,0.02028235294117647,,26
Fe II,2825.3973167645277,z4D*,0.07011764705882353,,26
Fe II,2832.7141087576147,z4D*,0.06658823529411764,,26
Fe II,2833.9204043401064,z6P*,0.4766734279918864,,31
Fe II,2840.341978512231,z4F*,0.99375,,27
Fe II,2840.635050382221,z6P*,0.2535496957403651,,31
Fe II,2845.7973167072073,z4D*,0.09741176470588235,,26
Fe II,2846.2594301007275,z4D*,0.3035294117647059,,26
Fe II,2846.4374737906805,z4F*,1.0,,27
Fe II,2848.609006729663,z6P*,0.1310344827586207,,31
Fe II,2848.9470897136302,z4D*,0.508235294117647,,26
Fe II,2849.1521400456395,z4F*,0.4979166666666667,,27
Fe II,2852.5589764587394,z4F*,0.3729166666666667,,27
Fe II,2857.219121074018,z6P*,1.0,,31
Fe II,2857.747250828615,z4D*,1.0,,26
Fe II,2859.4686738111077,z4D*,0.16447058823529412,,26
Fe II,2862.0112987199504,a4D,0.037065637065637064,,5
Fe II,2864.9620241422945,z6P*,0.34685598377281945,,31
Fe II,2866.295352009764,z4F*,0.09479166666666666,,27
Fe II,2869.7171936586556,a4D,0.09034749034749034,,5
Fe II,2870.1593024236204,z4D*,0.24,,26
Fe II,2873.101026258181,z4F*,0.07270833333333333,,27
Fe II,2875.699665860386,a4D,0.032934362934362936,,5
Fe II,2881.604119766985,a4D,0.13320463320463322,,5
Fe II,2883.0354723560604,z4F*,0.01825,,27
Fe II,2884.550845699048,b2H,0.5521739130434783,,14
Fe II,2885.6101067041463,z4D*,0.16141176470588237,,26
Fe II,2893.6750948710796,a4D,0.08030888030888031,,5
Fe II,2908.7108057810115,a4D,0.2023166023166023,,5
Fe II,2918.3241813294594,a4D,0.10308880308880308,,5
Fe II,2922.8823084623514,b4D,0.09807692307692308,,16
Fe II,2927.4364351023787,a4D,0.8262548262548263,,5
Fe II,2940.3676368112874,a4D,0.06254826254826255,,5
Fe II,2945.252847385711,a4P,0.14166666666666666,,9
Fe II,2948.5216577181077,a4P,0.14583333333333334,,9
Fe II,2954.6401751475546,a4D,0.3073359073359073,,5
Fe II,2962.142036818248,a4D,0.054826254826254826,,5
Fe II,2965.4858670364774,a4P,0.14652777777777778,,9
Fe II,2965.5248767234248,a4D,0.06177606177606178,,5
Fe II,2965.9009701172845,a4P,0.1423611111111111,,9
Fe II,2971.3853323875164,a4D,0.2335907335907336,,5
Fe II,2976.807679910936,a4D,0.05637065637065637,,5
Fe II,2980.224529375383,a4D,0.08185328185328185,,5
Fe II,2985.694889896679,a4P,0.32013888888888886,,9
Fe II,2985.9599558372224,d4P,0.34355828220858897,,24
Fe II,2986.16500684888,d4P,1.0,,24
Fe II,2986.419070054835,a4P,0.15,,9
Fe II,3003.5173269637316,a4P,0.3347222222222222,,9
Fe II,3011.089214105335,z4P*,0.05105263157894737,,28
Fe II,3017.0006882580155,d4P,0.3085889570552147,,24
Fe II,3034.3200113588186,z4P*,0.05789473684210526,,28
Fe II,3037.8508934581287,z4P*,0.2431578947368421,,28
Fe II,3049.8678974705745,z4P*,0.3,,28
Fe II,3056.240491656857,z4P*,0.24526315789473685,,28
Fe II,3072.0144411277574,z4P*,0.20210526315789473,,28
Fe II,3077.3257720558895,z4P*,0.41947368421052633,,28
Fe II,3079.5723351680003,z4P*,1.0,,28
Fe II,3162.8912847421816,a4P,0.19166666666666668,,9
Fe II,3164.0115672565616,a4P,0.24513888888888888,,9
Fe II,3167.5864689220807,a4P,0.11041666666666666,,9
Fe II,3171.246392254909,a4P,0.10138888888888889,,9
Fe II,3184.0326197458885,a4P,0.28680555555555554,,9
Fe II,3186.2371764922937,a4P,0.2125,,9
Fe II,3187.652533973702,a4P,0.15833333333333333,,9
Fe II,3193.831094896853,a4P,0.17708333333333334,,9
Fe II,3194.7153183339174,a4P,0.11875,,9
Fe II,3196.990893414191,a4P,0.4097222222222222,,9
Fe II,3211.366528334719,a4P,0.1597222222222222,,9
Fe II,3214.232253336386,a4P,0.20208333333333334,,9
Fe II,3228.672908657434,a4P,0.4666666666666667,,9
Fe II,3256.828044756517,a4D,1.0,,5
Fe II,3278.292493070029,a4D,0.8687258687258688,,5
Fe II,3282.236494911583,a4D,0.38996138996138996,,5
Fe II,3296.7721891603182,a4D,0.15791505791505792,,5
Fe II,3304.418133591381,a4D,0.20772200772200772,,5
Fe II,3416.990853488773,a2P,0.4778225806451613,,4
Fe II,3444.8139767431144,a2P,0.3064516129032258,,4
Fe II,3495.6640190112985,a2P,1.0,,4
Fe II,3508.4082923571145,a2P,0.2862903225806452,,4
Fe II,3509.205497178078,a4P,0.15763888888888888,,9
Fe II,3765.1775953616625,b4P,0.20520520520520522,,19
Fe II,3784.4105860909876,a2P,0.46774193548387094,,4
Fe II,3873.8588361677703,b4P,0.16116116116116116,,19
Fe II,3915.621712600436,a4P,0.3680555555555556,,9
Fe II,3939.4049122404667,a4P,1.0,,9
Fe II,3946.330718372832,a4P,0.34444444444444444,,9
Fe II,4003.229569268318,b4P,0.1001001001001001,,19
Fe II,4174.628432105984,b4P,0.4084084084084084,,19
Fe II,4180.027848260948,b4P,0.7657657657657657,,19
Fe II,4234.355106327184,b4P,1.0,,19
Fe II,4259.35167207782,b4P,0.2132132132132132,,19
Fe II,4274.516657037308,b4P,0.10810810810810811,,19
Fe II,4297.780772588389,b4P,0.4494494494494494,,19
Fe II,4304.378507479022,b4P,0.32932932932932935,,19
Fe II,4352.985295576282,b4P,0.4344344344344344,,19
Fe II,4370.6479454095,b4P,0.12312312312312312,,19
Fe II,4386.617150738326,b4P,0.24724724724724725,,19
Fe II,4418.0714374768795,b4P,0.3123123123123123,,19
Fe II,4490.438520242621,b4F,0.22666666666666666,,17
Fe II,4492.674110129972,b4F,0.2441025641025641,,17
Fe II,4509.548563366941,b4F,0.14256410256410257,,17
Fe II,4516.61142765477,b4F,0.3333333333333333,,17
Fe II,4521.474711475075,b4F,0.36,,17
Fe II,4523.8993515750235,b4F,0.19384615384615383,,17
Fe II,4542.797341469158,b4F,0.10051282051282051,,17
Fe II,4550.737438454786,b4F,0.2312820512820513,,17
Fe II,4557.155133567325,b4F,0.42923076923076925,,17
Fe II,4577.621540531282,b4F,0.12102564102564102,,17
Fe II,4584.115256451202,b4F,0.2246153846153846,,17
Fe II,4585.1065184006475,b4F,0.5230769230769231,,17
Fe II,4630.633553609047,b4F,1.0,,17
Fe II,4925.315640917859,a6S,0.3582089552238806,,11
Fe II,5019.842751345182,a6S,0.6629353233830846,,11
Fe II,5170.485823239434,a6S,0.7425373134328358,,11
Fe II,5199.040426043707,a4G,0.2815450643776824,,7
Fe II,5236.083292113256,a4G,0.33991416309012873,,7
Fe II,5266.283338290927,a4G,0.05193133047210301,,7
Fe II,5277.445312757853,a4G,0.41630901287553645,,7
Fe II,5285.587482699416,a6S,1.0,,11
Fe II,5318.100149189792,a4G,1.0,,7
Fe II,5318.255190523476,a4G,0.0982832618025751,,7
Fe II,5327.022527972686,a4G,0.2849785407725322,,7
Fe II,5364.338478824513,a4G,0.29656652360515023,,7
Fe II,6149.4395055313735,b4D,0.2644230769230769,,16
Fe II,6150.933906343098,b4D,0.1907051282051282,,16
Fe II,6240.144839552334,b4D,0.25961538461538464,,16
Fe II,6249.302296944337,b4D,0.3108974358974359,,16
Fe II,6319.729199901421,z4D*,0.013670588235294118,,26
Fe II,6418.684771669124,b4D,0.453525641025641,,16
Fe II,6458.169377800794,b4D,1.0,,16
Fe II,7310.078644746492,b4D,0.11298076923076923,,16
Fe II,7464.446263467897,b4D,0.21955128205128205,,16
Fe II,7713.842542911272,b4D,0.4951923076923077,,16
Fe II,7972.590393048861,b6D,0.06189655172413793,,20
Fe II,7984.045486453079,b6D,0.08293103448275863,,20
Fe II,8159.77195123446,b6D,0.10344827586206896,,20
Fe II,8192.858890364132,b6D,0.08620689655172414,,20
Fe II,8231.192247747536,b6D,0.39655172413793105,,20
Fe II,8289.823091040895,b6D,0.15258620689655172,,20
Fe II,8359.480916647532,b6D,0.07086206896551724,,20
Fe II,8422.84004236192,b6D,0.05818965517241379,,20
Fe II,8453.312279676215,b6D,1.0,,20
Fe II,8492.38684312864,b6D,0.4793103448275862,,20
Fe II,8501.894413538383,b6D,0.10344827586206896,,20
Fe II,8724.767681741,d4D,0.1,,23
Fe II,8929.08895483411,d4D,0.5228915662650603,,23
Fe II,9077.992248392842,d4D,0.40963855421686746,,23
Fe II,9079.891762469077,d4D,0.2674698795180723,,23
Fe II,9125.446091563565,d4D,0.7168674698795181,,23
Fe II,9134.868641850213,d4D,0.8012048192771084,,23
Fe II,9178.387421037713,d4D,1.0,,23
Fe II,9180.607021836491,d4D,0.6927710843373494,,23
Fe II,9199.421114494808,d4D,0.3156626506024096,,23
Fe II,9205.647799986467,d4D,0.44819277108433736,,23
Fe II,9207.136202882299,d4D,0.032409638554216864,,23
Fe II,9213.465916282941,d4D,0.1180722891566265,,23
Fe II,9299.402180149336,d4D,0.14879518072289158,,23
Fe II,9327.673834246038,d4D,0.05319277108433735,,23
Fe II,9379.614897287975,d4D,0.08132530120481928,,23
Fe II,9409.249921447488,d4D,0.1783132530120482,,23
Fe II,9575.250875114527,z4P*,0.11157894736842106,,28
Fe II,9814.717741413415,z4P*,0.046684210526315786,,28
Fe II,9958.984829753777,z4F*,0.0175,,27
Fe II,10000.297024322184,z4F*,0.11791666666666667,,27
Fe II,10134.536403591335,z4P*,0.08105263157894736,,28
Fe II,10176.297722180549,z4D*,0.01543529411764706,,26
Fe II,10493.874812205362,z4F*,0.01575,,27
Fe II,10504.398665546732,z4F*,0.13729166666666667,,27
Fe II,10865.621622210556,z4F*,0.085,,27
Fe II,11128.619962946128,z4F*,0.04645833333333333,,27
Fe II,17329.4110117318,a6G,1.0,,0
Fe II,17870.08410400809,c4G,1.0,,0
