key,ion,wave_vac,Ei,Ek,Aki,configuration,terms,Ji-Jk,type,references,note,wave_air,ion_tex,ion_tex_lambda,multiplet,line_ratio
NeVIII-770,Ne VIII,770.409,0.0,16.093,0.0,1s22s-1s22p,2S-2P0,1/2-3/2,,Z97,,0.0,Ne VIII,"Ne VIII$\,\lambda770$",22,1.0
NeVIII-780,Ne VIII,780.324,0.0,15.889,0.0,1s22s-1s22p,2S-2P0,1/2-1/2,,Z97,,0.0,Ne VIII,"Ne VIII$\,\lambda780$",22,1.0
Ly40,H I,912.324,0.0,13.58993566,122.58,1s-40,,,E1,NIST,,912.32366,H I,"H I$\,\lambda912$",0,0.0
Ly39,H I,912.353,0.0,13.58949423,139.13,1s-39,,,E1,NIST,,912.353295,H I,"H I$\,\lambda912$",0,0.0
Ly38,H I,912.385,0.0,13.5890175,158.43,1s-38,,,E1,NIST,,912.385303,H I,"H I$\,\lambda912$",0,0.0
Ly37,H I,912.42,0.0,13.58850159,181.03,1s-37,,,E1,NIST,,912.419943,H I,"H I$\,\lambda912$",0,0.0
Ly36,H I,912.458,0.0,13.58794208,207.62,1s-36,,,E1,NIST,,912.457513,H I,"H I$\,\lambda912$",0,0.0
Ly35,H I,912.498,0.0,13.58733395,239.03,1s-35,,,E1,NIST,,912.498352,H I,"H I$\,\lambda912$",0,0.0
Ly34,H I,912.543,0.0,13.58667137,276.31,1s-34,,,E1,NIST,,912.542852,H I,"H I$\,\lambda913$",0,0.0
Ly33,H I,912.591,0.0,13.58594765,320.81,1s-33,,,E1,NIST,,912.591463,H I,"H I$\,\lambda913$",0,0.0
Ly32,H I,912.645,0.0,13.58515502,374.18,1s-32,,,E1,NIST,,912.644709,H I,"H I$\,\lambda913$",0,0.0
Ly31,H I,912.703,0.0,13.58428445,438.57,1s-31,,,E1,NIST,,912.703197,H I,"H I$\,\lambda913$",0,0.0
Ly30,H I,912.768,0.0,13.58332538,516.73,1s-30,,,E1,NIST,,912.767639,H I,"H I$\,\lambda913$",0,0.0
Ly29,H I,912.839,0.0,13.58226541,612.21,1s-29,,,E1,NIST,,912.838873,H I,"H I$\,\lambda913$",0,0.0
Ly28,H I,912.918,0.0,13.58108984,729.67,1s-28,,,E1,NIST,,912.917887,H I,"H I$\,\lambda913$",0,0.0
Ly27,H I,913.006,0.0,13.57978125,875.24,1s-27,,,E1,NIST,,913.005859,H I,"H I$\,\lambda913$",0,0.0
Ly26,H I,913.104,0.0,13.57831878,1057.1,1s-26,,,E1,NIST,,913.104195,H I,"H I$\,\lambda913$",0,0.0
Ly25,H I,913.215,0.0,13.57667733,1286.2,1s-25,,,E1,NIST,,913.214592,H I,"H I$\,\lambda913$",0,0.0
Ly24,H I,913.339,0.0,13.57482645,1577.6,1s-24,,,E1,NIST,,913.339105,H I,"H I$\,\lambda913$",0,0.0
Ly23,H I,913.48,0.0,13.57272894,1951.9,1s-23,,,E1,NIST,,913.480251,H I,"H I$\,\lambda913$",0,0.0
Ly22,H I,913.641,0.0,13.57033894,2438.0,1s-22,,,E1,NIST,,913.641133,H I,"H I$\,\lambda914$",0,0.0
Ly21,H I,913.826,0.0,13.56759946,3076.9,1s-21,,,E1,NIST,,913.825609,H I,"H I$\,\lambda914$",0,0.0
Ly20,H I,914.039,0.0,13.56443886,3927.6,1s-20,,,E1,NIST,,914.038537,H I,"H I$\,\lambda914$",0,0.0
Ly19,H I,914.286,0.0,13.56076619,5076.7,1s-19,,,E1,NIST,,914.286086,H I,"H I$\,\lambda914$",0,0.0
Ly18,H I,914.576,0.0,13.55646454,6654.0,1s-18,,,E1,NIST,,914.576201,H I,"H I$\,\lambda915$",0,0.0
Ly17,H I,914.919,0.0,13.55138166,8857.4,1s-17,,,E1,NIST,,914.919242,H I,"H I$\,\lambda915$",0,0.0
Ly16,H I,915.329,0.0,13.54531624,11997.0,1s-16,,,E1,NIST,,915.328932,H I,"H I$\,\lambda915$",0,0.0
Ly15,H I,915.824,0.0,13.53799772,16572.0,1s-15,,,E1,NIST,,915.823751,H I,"H I$\,\lambda916$",0,0.0
Ly14,H I,916.429,0.0,13.52905552,23409.0,1s-14,,,E1,NIST,,916.429076,H I,"H I$\,\lambda916$",0,0.0
Ly13,H I,917.181,0.0,13.51797128,33927.0,1s-13,,,E1,NIST,,917.180514,H I,"H I$\,\lambda917$",0,0.0
Ly12,H I,918.129,0.0,13.50400193,50659.0,1s-12,,,E1,NIST,,918.1293,H I,"H I$\,\lambda918$",0,0.0
Ly11,H I,919.351,0.0,13.48605194,78340.0,1s-11,,,E1,NIST,,919.351334,H I,"H I$\,\lambda919$",0,0.0
Ly10,H I,920.963,0.0,13.46245155,126310.0,1s-10,,,E1,NIST,,920.963006,H I,"H I$\,\lambda921$",0,0.0
Ly9,H I,923.15,0.0,13.43055424,214250.0,1s-9,,,E1,NIST,,923.150275,H I,"H I$\,\lambda923$",0,0.0
Ly8,H I,926.226,0.0,13.38596103,386940.0,1s-8,,,E1,NIST,,926.225605,H I,"H I$\,\lambda926$",0,0.0
Ly7,H I,930.748,0.0,13.32091817,756840.0,1s-7,,,E1,NIST,,930.748142,H I,"H I$\,\lambda931$",0,0.0
LyE,H I,937.803,0.0,13.22070389,1644000.0,1s-6,,,E1,NIST,,937.80331,H I,"H I$\,\lambda938$",0,0.0
LyD,H I,949.743,0.0,13.0545017,4125000.0,1s-5,,,E1,NIST,,949.74287,H I,"H I$\,\lambda950$",0,0.0
LyG,H I,972.536,0.0,12.7485393,12785000.0,1s-4,,,E1,NIST,,972.5365,H I,"H I$\,\lambda973$",0,0.0
CIII-977,C III,977.03,0.0,12.69,0.0,1s22s2-1s22s2p,1S-1P0,0-1,,Z97,,0.0,C III,"C III$\,\lambda977$",0,0.0
NIII-990,N III,989.79,0.0,12.526,0.0,2s22p-2s2p2,2P0-2D,1/2-3/2,,Z97,,0.0,N III,"N III$\,\lambda990$",17,0.3459731188864765
NIII-992,N III,991.514,0.022,12.526,0.0,2s22p-2s2p2,2P0-2D,3/2-3/2,,Z97,,0.0,N III,"N III$\,\lambda992$",17,0.06747811271589471
NIII-992,N III,991.579,0.022,12.525,0.0,2s22p-2s2p2,2P0-2D,3/2-5/2,,Z97,,0.0,N III,"N III$\,\lambda992$",17,1.0
LyB,H I,1025.722,0.0,12.0875052,55751000.0,1s-3,,,E1,NIST,,1025.722,H I,"H I$\,\lambda1026$",0,0.0
OVI-1032,O VI,1031.912,0.0,12.015,0.0,1s22s-1s22p,2S-2Po,1/2-3/2,,VB01,,0.0,O VI,"O VI$\,\lambda1032$",26,1.0
OVI-1038,O VI,1037.613,0.0,11.949,0.0,1s22s-1s22p,2S-2Po,1/2-1/2,,VB01,,0.0,O VI,"O VI$\,\lambda1038$",26,1.0
ArI-1067,Ar I,1066.66,0.0,11.624,0.0,3s23p6-3s23p5(2P03/2)4s,1S-2[3/2]0,0-1,,Z97,,0.0,Ar I,"Ar I$\,\lambda1067$",0,0.0
LyA,H I,1215.67,0.0,10.1988358,469860000.0,1s-2,,,E1,NIST,,1215.6701,H I,"H I$\,\lambda1216$",0,0.0
NV-1239,N V,1238.821,0.0,10.008,0.0,1s22s-1s22p,2S-2Po,1/2-3/2,,FO87,,0.0,N V,"N V$\,\lambda1239$",20,1.0
NV-1243,N V,1242.804,0.0,9.976,0.0,1s22s-1s22p,2S-2Po,1/2-1/2,,FO87,,0.0,N V,"N V$\,\lambda1243$",20,1.0
SiII-1260,Si II,1260.422,0.0,9.837,0.0,3s23p-3s23d,2P0-2D,1/2-3/2,,LM04,,0.0,Si II,"Si II$\,\lambda1260$",27,1.0
SiII-1265,Si II,1264.73,0.036,9.839,0.0,3s23p-3s23d,2P0-2D,3/2-5/2,,LM04,,0.0,Si II,"Si II$\,\lambda1265$",27,1.0
OI-1302,O I,1302.168,0.0,9.521,0.0,2s22p4-2s22p3(4S0)3s,3P-3S0,2-1,,VB01,,0.0,O I,"O I$\,\lambda1302$",0,0.0
CII-1335,C II,1334.532,0.0,9.29,0.0,2s22p-2s2p2,2P0-2D,1/2-3/2,,LM04,,0.0,C II,"C II$\,\lambda1335$",2,1.0
CII-1336,C II,1335.708,0.008,9.29,0.0,2s22p-2s2p2,2P0-2D,3/2-5/2,,LM04,,0.0,C II,"C II$\,\lambda1336$",2,0.9602109918611538
SiIV-1394,Si IV,1393.755,0.0,8.896,0.0,2p63s-2p63p,2S-2Po,1/2-3/2,,VB01,,0.0,Si IV,"Si IV$\,\lambda1394$",28,1.0
OIV]-1397,O IV],1397.232,0.0,8.874,0.0,2s22p-2s2p2,2P0-4P,1/2-3/2,,,,0.0,O IV$]$,"O IV$]\,\lambda1397$",25,0.4013069740459904
OIV]-1400,O IV],1399.78,0.0,8.857,0.0,2s22p-2s2p2,2P0-4P,1/2-1/2,,,,0.0,O IV$]$,"O IV$]\,\lambda1400$",25,1.0
SiIV-1403,Si IV,1402.77,0.0,8.839,0.0,2p63s-2p63p,2S-2Po,1/2-1/2,,VB01,,0.0,Si IV,"Si IV$\,\lambda1403$",28,1.0
NIV]-1486,N IV],1486.496,0.0,8.341,0.0,1s22s2-1s22s2p,1S-3P0,0-1,,FO87,,0.0,N IV$]$,"N IV$]\,\lambda1486$",0,0.0
CIV-1548,C IV,1548.187,0.0,8.008,0.0,1s22s-1s22p,2S-2Po,1/2-3/2,,,,0.0,C IV,"C IV$\,\lambda1548$",5,1.0
CIV-1551,C IV,1550.772,0.0,7.995,0.0,1s22s-1s22p,2S-2Po,1/2-1/2,,,,0.0,C IV,"C IV$\,\lambda1551$",5,0.50748497628609
HeII-1640,He II,1640.42,40.813,48.371,0.0,,,,,FO87,,0.0,He II,"He II$\,\lambda1640$",14,1.0
OIII]-1661,O III],1660.809,0.014,7.479,0.0,2s22p2-2s2p3,3P-5So,1-2,,FO87,,0.0,O III$]$,"O III$]\,\lambda1661$",24,1.0
OIII]-1666,O III],1666.15,0.038,7.479,0.0,2s22p2-2s2p3,3P-5So,2-2,,FO87,,0.0,O III$]$,"O III$]\,\lambda1666$",24,1.0
NIII]-1747,N III],1746.823,0.0,7.098,0.0,2s22p-2s2p2,2P0-4P,1/2-3/2,,VB01,,0.0,N III$]$,"N III$]\,\lambda1747$",19,0.4583641830918453
NIII]-1749,N III],1748.656,0.0,7.09,0.0,2s22p-2s2p2,2P0-4P,1/2-1/2,,VB01,,0.0,N III$]$,"N III$]\,\lambda1749$",19,1.0
AlIII-1855,Al III,1854.716,0.0,6.685,0.0,2p63s-2p63p,2S-2Po,1/2-3/2,,VB01,,0.0,Al III,"Al III$\,\lambda1855$",1,1.0
AlIII-1863,Al III,1862.79,0.0,6.656,0.0,2p63s-2p63p,2S-2Po,1/2-1/2,,VB01,,0.0,Al III,"Al III$\,\lambda1863$",1,1.0
SiIII]-1892,Si III],1892.03,0.0,6.553,0.0,3s2-3s3p,1S-3P0,,,D06,,0.0,Si III$]$,"Si III$]\,\lambda1892$",0,0.0
CIII]-1909,C III],1908.734,0.0,6.496,0.0,1s22s2-1s22s2p,1S-3P0,0-1,,FO87,,0.0,C III$]$,"C III$]\,\lambda1909$",0,0.0
NII]-2143,N II],2143.455,0.016,5.801,0.0,2s22p2-2s2p3,3P-5S0,2-2,,LM04,,2142.78,N II$]$,"N II$]\,\lambda2143$",0,0.0
[OIII]-2322,[O III],2321.664,0.014,5.354,0.0,2s22p2-2s22p2,3P-1S,1-0,M1,FO87,,2320.951,$[$O III$]$,"$[$O III$]\,\lambda2322$",51,0.0016395276089526602
CII]-2324,C II],2324.214,0.0,5.334,0.0,2s22p-2s22p,2P0-4P,1/2-3/2,,LM04,,2323.5,C II$]$,"C II$]\,\lambda2324$",4,0.6230032737062456
CII]-2325,C II],2325.404,0.0,5.332,0.0,2s22p-2s22p,2P0-4P,1/2-1/2,,LM04,,2324.69,C II$]$,"C II$]\,\lambda2325$",4,1.0
[NeIV]-2423,[Ne IV],2422.546,0.0,5.11793,0.0052,2s22p3-2s22p3,4S*-2D*,3/2-3/2,M1,NIST,,2421.810371795551,$[$Ne IV$]$,"$[$Ne IV$]\,\lambda2423$",48,0.6759153855832182
[NeIV]-2425,[Ne IV],2425.158,0.0,5.11242,0.00058,2s22p3-2s22p3,4S*-2D*,3/2-5/2,M1+E2,NIST,,2424.4217759588228,$[$Ne IV$]$,"$[$Ne IV$]\,\lambda2425$",48,1.0
[FeXI]-2649,[Fe XI],2649.499,0.0,4.68,0.0,3s23p4-3s23p4,3P-1D,2-2,M1,P98,,2648.71,$[$Fe XI$]$,"$[$Fe XI$]\,\lambda2649$",0,0.0
HeII-2734,He II,2734.098,48.371,52.906,0.0,,,,,T00,,2733.289,He II,"He II$\,\lambda2734$",14,1.0
[MgV]-2784,[Mg V],2783.521,0.0,4.454,0.0,2s22p4-2s22p4,3P-1D,2-2,M1,R11,,2782.7,$[$Mg V$]$,"$[$Mg V$]\,\lambda2784$",44,1.0
MgII-2796,Mg II,2796.352,0.0,4.434,0.0,2p63s-2p63p,2S-2P0,1/2-3/2,,R11,,2795.528,Mg II,"Mg II$\,\lambda2796$",15,1.0
MgII-2804,Mg II,2803.531,0.0,4.422,0.0,2p63s-2p63p,2S-2P0,1/2-1/2,,R11,,2802.705,Mg II,"Mg II$\,\lambda2804$",15,1.0
[FeIV]-2830,[Fe IV],2830.192,0.0,4.381,0.0,3d5-3d5,6S-4P,5/2-3/2,M1,R11,,2829.36,$[$Fe IV$]$,"$[$Fe IV$]\,\lambda2830$",38,0.42825489038650966
[FeIV]-2837,[Fe IV],2836.574,0.0,4.371,0.0,3d5-3d5,6S-4P,5/2-5/2,M1,R11,,2835.74,$[$Fe IV$]$,"$[$Fe IV$]\,\lambda2837$",38,1.0
[ArIV]-2855,[Ar IV],2854.508,0.0,4.343,0.0,3s23p3-3s23p3,4S0-2P0,3/2-3/2,M1,T00,,2853.67,$[$Ar IV$]$,"$[$Ar IV$]\,\lambda2855$",31,0.09393998461350699
[ArIV]-2869,[Ar IV],2869.052,0.0,4.321,0.0,3s23p3-3s23p3,4S0-2P0,3/2-1/2,M1,T00,,2868.21,$[$Ar IV$]$,"$[$Ar IV$]\,\lambda2869$",31,0.04345489773524607
[MgV]-2929,[Mg V],2928.857,0.221,4.454,0.0,2s22p4-2s22p4,3P-1D,1-2,M1,T00,,2928.0,$[$Mg V$]$,"$[$Mg V$]\,\lambda2929$",44,0.2720859192956828
HeI-2946,He I,2945.967,19.82,24.028,0.0,1s2s-1s5p,,,,T00,,2945.106,He I,"He I$\,\lambda2946$",0,0.0
OIII-3134,O III,3133.702,36.893,40.849,0.0,2s22p(2P0)3p-2s22p(2P0)3d,3S-3P0,1-2,,R11,,3132.794,O III,"O III$\,\lambda3134$",23,1.0
HeI-3189,He I,3188.667,19.82,23.708,0.0,1s2s-1s4p,3S-3P0,,,R11,,3187.745,He I,"He I$\,\lambda3189$",0,0.0
HeII-3204,He II,3204.026,48.371,52.241,0.0,,,,,R11,,3203.1,He II,"He II$\,\lambda3204$",14,1.0
OIII-3313,O III,3313.282,33.151,36.893,0.0,2s22p(2P0)3s-2s22p(2P0)3p,3P0-3S,1-1,,R11,,3312.329,O III,"O III$\,\lambda3313$",0,0.0
[NeV]-3347,[Ne V],3346.783,0.051,3.756,0.0,2s22p2-2s22p2,3P-1D,1-2,M1,,,3345.821,$[$Ne V$]$,"$[$Ne V$]\,\lambda3347$",49,0.3663782567182431
[NeV]-3427,[Ne V],3426.863,0.138,3.756,0.0,2s22p2-2s22p2,3P-1D,2-2,M1,,,3425.881,$[$Ne V$]$,"$[$Ne V$]\,\lambda3427$",49,1.0
OIII-3445,O III,3445.039,37.25,40.849,0.0,2s22p(2P0)3p-2s22p(2P0)3d,3P-3P0,2-2,,FO87,,3444.052,O III,"O III$\,\lambda3445$",23,1.0
[NI]-3467,[N I],3467.49,0.0,3.576,0.0,2s22p3-2s22p3,4S0-2P0,3/2-3/2,M1,R11,,3466.497,$[$N I$]$,"$[$N I$]\,\lambda3467$",46,0.015853861786420377
[NI]-3468,[N I],3467.536,0.0,3.576,0.0,2s22p3-2s22p3,4S0-2P0,3/2-1/2,M1,R11,,3466.543,$[$N I$]$,"$[$N I$]\,\lambda3468$",46,0.0033853989470607445
HeI-3489,He I,3488.725,20.964,24.518,0.0,,3Po-3D,,,R11,,3487.727,He I,"He I$\,\lambda3489$",0,0.0
[FeVII]-3587,[Fe VII],3587.344,0.13,3.587,0.0,3p63d2-3p63d2,3F-1G,3-4,M1,FO87,,3586.32,$[$Fe VII$]$,"$[$Fe VII$]\,\lambda3587$",39,0.1991167661264005
H40,H I,3656.165,10.1988358,13.58993566,67.464,2-40,,,E1,NIST,,3655.1233312865097,H I,"H I$\,\lambda3656$",58,0.00034191176470588236
H39,H I,3656.641,10.1988358,13.58949423,76.576,2-39,,,E1,NIST,,3655.5992082711346,H I,"H I$\,\lambda3657$",58,0.0003636877828054298
H38,H I,3657.155,10.1988358,13.5890175,87.206,2-38,,,E1,NIST,,3656.1132753811125,H I,"H I$\,\lambda3657$",58,0.00038744343891402715
H37,H I,3657.712,10.1988358,13.58850159,99.657,2-37,,,E1,NIST,,3656.6698315045614,H I,"H I$\,\lambda3658$",58,0.0004140271493212669
H36,H I,3658.315,10.1988358,13.58794208,114.3,2-36,,,E1,NIST,,3657.273475451927,H I,"H I$\,\lambda3658$",58,0.00044343891402714926
H35,H I,3658.972,10.1988358,13.58733395,131.61,2-35,,,E1,NIST,,3657.9299057491844,H I,"H I$\,\lambda3659$",58,0.00047652714932126697
H34,H I,3659.688,10.1988358,13.58667137,152.16,2-34,,,E1,NIST,,3658.6453207928653,H I,"H I$\,\lambda3660$",58,0.0005135746606334842
H33,H I,3660.47,10.1988358,13.58594765,176.69,2-33,,,E1,NIST,,3659.4270186949175,H I,"H I$\,\lambda3660$",58,0.0005554298642533936
H32,H I,3661.326,10.1988358,13.58515502,206.12,2-32,,,E1,NIST,,3660.2835972309394,H I,"H I$\,\lambda3661$",58,0.000602658371040724
H31,H I,3662.268,10.1988358,13.58428445,241.62,2-31,,,E1,NIST,,3661.2248538659146,H I,"H I$\,\lambda3662$",58,0.0006563914027149321
H30,H I,3663.306,10.1988358,13.58332538,284.74,2-30,,,E1,NIST,,3662.2623855989987,H I,"H I$\,\lambda3663$",58,0.000717760180995475
H29,H I,3664.453,10.1988358,13.58226541,337.42,2-29,,,E1,NIST,,3663.409788911633,H I,"H I$\,\lambda3664$",58,0.0007881787330316743
H28,H I,3665.727,10.1988358,13.58108984,402.24,2-28,,,E1,NIST,,3664.683059663915,H I,"H I$\,\lambda3666$",58,0.0008690610859728505
H27,H I,3667.146,10.1988358,13.57978125,482.61,2-27,,,E1,NIST,,3666.1015928357533,H I,"H I$\,\lambda3667$",58,0.000963235294117647
H26,H I,3668.733,10.1988358,13.57831878,583.04,2-26,,,E1,NIST,,3667.6880825522812,H I,"H I$\,\lambda3669$",58,0.0010722626939487303
H25,H I,3670.516,10.1988358,13.57667733,709.63,2-25,,,E1,NIST,,3669.4704215920283,H I,"H I$\,\lambda3671$",58,0.0012007918552036198
H24,H I,3672.528,10.1988358,13.57482645,870.69,2-24,,,E1,NIST,,3671.482301230921,H I,"H I$\,\lambda3673$",58,0.0013515271493212669
H23,H I,3674.811,10.1988358,13.57272894,1077.7,2-23,,,E1,NIST,,3673.764810827375,H I,"H I$\,\lambda3675$",58,0.0015305429864253394
H22,H I,3677.416,10.1988358,13.57033894,1346.7,2-22,,,E1,NIST,,3676.369137122359,H I,"H I$\,\lambda3677$",58,0.0017437782805429863
H21,H I,3680.406,10.1988358,13.56759946,1700.5,2-21,,,E1,NIST,,3679.3588636420354,H I,"H I$\,\lambda3680$",58,0.0020002828054298642
H20,H I,3683.863,10.1988358,13.56443886,2171.9,2-20,,,E1,NIST,,3682.814169607739,H I,"H I$\,\lambda3684$",58,0.002311368778280543
H19,H I,3687.887,10.1988358,13.56076619,2809.3,2-19,,,E1,NIST,,3686.8375284558742,H I,"H I$\,\lambda3688$",58,0.002691742081447964
H18,H I,3692.612,10.1988358,13.55646454,3685.1,2-18,,,E1,NIST,,3691.561105914755,H I,"H I$\,\lambda3693$",58,0.0031617647058823526
H17,H I,3698.21,10.1988358,13.55138166,4910.1,2-17,,,E1,NIST,,3697.15805706704,H I,"H I$\,\lambda3698$",58,0.0037500000000000003
H16,H I,3704.913,10.1988358,13.54531624,6658.3,2-16,,,E1,NIST,,3703.859222005639,H I,"H I$\,\lambda3705$",58,0.004493778280542986
H15,H I,3713.033,10.1988358,13.53799772,9210.2,2-15,,,E1,NIST,,3711.977319532604,H I,"H I$\,\lambda3713$",58,0.005452488687782805
H14,H I,3723.004,10.1988358,13.52905552,13032.0,2-14,,,E1,NIST,,3721.9448372829743,H I,"H I$\,\lambda3723$",58,0.00670814479638009
[OII]-3727,[O II],3727.092,0.0,3.327,0.0,2s22p3-2s22p3,4S0-2D0,3/2-3/2,M1,,,3726.032,$[$O II$]$,"$[$O II$]\,\lambda3727$",53,0.741100004422846
[OII]-3730,[O II],3729.875,0.0,3.324,0.0,2s22p3-2s22p3,4S0-2D0,3/2-5/2,M1,,,3728.815,$[$O II$]$,"$[$O II$]\,\lambda3730$",53,1.0
H13,H I,3735.436,10.1988358,13.51797128,18927.0,2-13,,,E1,NIST,,3734.3746159172865,H I,"H I$\,\lambda3735$",58,0.00837952488687783
H12,H I,3751.224,10.1988358,13.50400193,28337.0,2-12,,,E1,NIST,,3750.158423367172,H I,"H I$\,\lambda3751$",58,0.010664592760180995
[FeVII]-3760,[Fe VII],3759.988,0.289,3.587,0.0,3p63d2-3p63d2,3F-1G,4-4,M1,"FO87, R11",,3758.92,$[$Fe VII$]$,"$[$Fe VII$]\,\lambda3760$",39,0.28363519612373495
H11,H I,3771.708,10.1988358,13.48605194,43972.0,2-11,,,E1,NIST,,3770.6368103924183,H I,"H I$\,\lambda3772$",58,0.013871606334841628
H10,H I,3798.983,10.1988358,13.46245155,71225.0,2-10,,,E1,NIST,,3797.9043305725017,H I,"H I$\,\lambda3799$",58,0.018520927601809956
H9,H I,3836.479,10.1988358,13.43055424,121560.0,2-9,,,E1,NIST,,3835.3907875975706,H I,"H I$\,\lambda3836$",58,0.025540158371040723
[FeV]-3840,[Fe V],3840.359,0.01,3.328,0.0,3d4-3d4,5D-3F2,3-3,M1,R11,,3839.27,$[$Fe V$]$,"$[$Fe V$]\,\lambda3840$",43,0.17120176884312913
[NeIII]-3870,[Ne III],3869.857,0.0,3.204,0.0,2s22p4-2s22p4,3P-1D,2-2,M1,,,3868.76,$[$Ne III$]$,"$[$Ne III$]\,\lambda3870$",47,1.0
HeI-3890,He I,3889.749,0.0,0.0,0.0,,,,,,,3888.647,He I,"He I$\,\lambda3890$",0,0.0
H8,H I,3890.158,10.1988358,13.38596103,221480.0,2-8,,,E1,NIST,,3889.055620608334,H I,"H I$\,\lambda3890$",58,0.03667986425339367
[FeV]-3892,[Fe V],3892.383,0.159,3.344,0.0,3d4-3d4,5D-3F2,4-4,M1,"FO87, R11",,3891.28,$[$Fe V$]$,"$[$Fe V$]\,\lambda3892$",43,0.0989046734039931
[FeV]-3912,[Fe V],3912.438,0.159,3.328,0.0,3d4-3d4,5D-3F2,4-3,M1,FO87,,3911.33,$[$Fe V$]$,"$[$Fe V$]\,\lambda3912$",43,0.023202315343432672
CaII-3935,Ca II,3934.777,0.0,3.150984,147000000.0,3p64s-3p64p,2S-2P*,1/2-3/2,E1,NIST,,3933.663294444916,Ca II,"Ca II$\,\lambda3935$",8,1.0
[NeIII]-3969,[Ne III],3968.593,0.08,3.204,0.0,2s22p4-2s22p4,3P-1D,1-2,M1,,,3967.47,$[$Ne III$]$,"$[$Ne III$]\,\lambda3969$",47,0.3012167504343238
CaII-3970,Ca II,3969.591,0.0,3.123349,140000000.0,3p64s-3p64p,2S-2P*,1/2-1/2,E1,NIST,,3968.4682132663206,Ca II,"Ca II$\,\lambda3970$",8,1.0
H7,H I,3971.202,10.1988358,13.32091817,438890.0,2-7,,,E1,NIST,,3970.078792834293,H I,"H I$\,\lambda3971$",58,0.055542986425339363
HeI-4027,He I,4027.328,20.964,24.042,0.0,1s2p-1s5d,3P0-3D,,,R11,,4026.19,He I,"He I$\,\lambda4027$",0,0.0
[SII]-4070,[S II],4069.749,0.0,3.046,0.0,3s23p3-3s23p3,4S0-2P0,3/2-3/2,M1,R11,,4068.6,$[$S II$]$,"$[$S II$]\,\lambda4070$",57,0.07093299754497424
[FeV]-4072,[Fe V],4072.39,0.052,3.096,0.0,3d4-3d4,5D-3P2,2-1,M1,FO87,,4071.24,$[$Fe V$]$,"$[$Fe V$]\,\lambda4072$",43,0.18668127941975704
[SII]-4078,[S II],4077.5,0.0,3.041,0.0,3s23p3-3s23p3,4S0-2P0,3/2-1/2,M1,R11,,4076.349,$[$S II$]$,"$[$S II$]\,\lambda4078$",57,0.023333819483318103
Hd,H I,4102.899,10.1988358,13.22070389,973200.0,2-6,,,E1,NIST,,4101.741464792317,H I,"H I$\,\lambda4103$",58,0.09044117647058823
HeI-4145,He I,4144.93,21.218,24.209,0.0,1s2p-1s6d,1P0-1D,,,T00,,4143.761,He I,"He I$\,\lambda4145$",0,0.0
FeII-4180,Fe II,4180.04,2.583,5.549,0.0,3d6(3P2)4s-3d6(5D)4p,b4P-z4F0,5/2-7/2,,OP85,,4178.862,Fe II,"Fe II$\,\lambda4180$",12,0.06564714850924117
[FeV]-4182,[Fe V],4181.778,0.018,2.982,0.0,3d4-3d4,5D-3P2,1-0,M1,R11,,4180.6,$[$Fe V$]$,"$[$Fe V$]\,\lambda4182$",43,0.11148830023503295
[FeV]-4228,[Fe V],4228.381,0.159,3.091,0.0,3d4-3d4,5D-3H,4-4,M1,I04,,4227.19,$[$Fe V$]$,"$[$Fe V$]\,\lambda4228$",43,1.0
FeII-4234,Fe II,4234.364,2.583,5.511,0.0,3d6(3P2)4s-3d6(5D)4p,b4P-z4D0,5/2-7/2,,OP85,,4233.172,Fe II,"Fe II$\,\lambda4234$",12,1.0
[FeII]-4289,[Fe II],4288.6,0.0,2.891,0.0,3d6(5D)4s-3d54s2,a6D-a6S,9/2-5/2,E2,I01,,4287.394,$[$Fe II$]$,"$[$Fe II$]\,\lambda4289$",35,1.0
FeII-4304,Fe II,4304.387,2.704,5.584,0.0,3d6(3P2)4s-3d6(5D)4p,b4P-z4D0,3/2-3/2,,OP85,,4303.176,Fe II,"Fe II$\,\lambda4304$",12,0.009137553731278511
OII-4318,O II,4318.353,22.966,25.837,0.0,2s22p2(3P)3s-2s22p2(3P)3p,4P-4P0,1/2-3/2,,R11,,4317.139,O II,"O II$\,\lambda4318$",0,0.0
Hg,H I,4341.691,10.1988358,13.0545017,2530400.0,2-5,,,E1,NIST,,4340.470676926913,H I,"H I$\,\lambda4342$",58,0.16357466063348416
[OIII]-4364,[O III],4364.436,2.514,5.354,0.0,2s22p2-2s22p2,1D-1S,2-0,E2,,,4363.21,$[$O III$]$,"$[$O III$]\,\lambda4364$",0,0.0
[ArXIV]-4414,[Ar XIV],4413.539,0.0,2.809,0.0,2s22p-2s22p,2P0-2P0,1/2-3/2,M1,W11,,4412.3,$[$Ar XIV$]$,"$[$Ar XIV$]\,\lambda4414$",0,0.0
OII-4416,O II,4416.139,23.442,26.249,0.0,2s22p2(3P)3s-2s22p2(3P)3p,2P-2D0,3/2-5/2,,R11,,4414.899,O II,"O II$\,\lambda4416$",0,0.0
FeII-4418,Fe II,4418.07,2.778,5.585,0.0,3d6(3P2)4s-3d6(5D)4p,b4P-z4D0,1/2-3/2,,OP85,,4416.83,Fe II,"Fe II$\,\lambda4418$",12,0.00835579972122951
[FeII]-4453,[Fe II],4453.348,0.107,2.891,0.0,3d6(5D)4s-3d54s2,a6D-a6S,3/2-5/2,E2,I01,,4452.098,$[$Fe II$]$,"$[$Fe II$]\,\lambda4453$",35,0.31862421865806445
HeI-4473,He I,4472.734,20.964,23.736,0.0,1s2p-1s4d,3P0-3D,,,,,4471.479,He I,"He I$\,\lambda4473$",0,0.0
FeII-4490,Fe II,4490.443,2.828,5.589,0.0,3d6(3F2)4s-3d6(5D)4p,b4F-z4F0,7/2-5/2,,OP85,,4489.183,Fe II,"Fe II$\,\lambda4490$",10,0.0053488122574803015
FeII-4493,Fe II,4492.665,2.856,5.615,0.0,3d6(3F2)4s-3d6(5D)4p,b4F-z4F0,3/2-3/2,,OP85,,4491.405,Fe II,"Fe II$\,\lambda4493$",10,0.0062616168214759075
NIII-4512,N III,4512.175,35.649,38.397,0.0,2s2p(3P0)3s-2s2p(3P0)3p,4P0-4D,1/2-3/2,,I01,,4510.91,N III,"N III$\,\lambda4512$",0,0.0
FeII-4524,Fe II,4523.902,2.844,5.585,0.0,3d6(3F2)4s-3d6(5D)4p,b4F-z4D0,5/2-3/2,,OP85,,4522.634,Fe II,"Fe II$\,\lambda4524$",10,0.020601915294482152
FeII-4557,Fe II,4557.17,2.828,5.549,0.0,3d6(3F2)4s-3d6(5D)4p,b4F-z4F0,7/2-7/2,,OP85,,4555.893,Fe II,"Fe II$\,\lambda4557$",10,0.08071932420512032
FeII-4584,Fe II,4584.119,2.844,5.549,0.0,3d6(3F2)4s-3d6(5D)4p,b4F-z4F0,5/2-7/2,,OP85,,4582.835,Fe II,"Fe II$\,\lambda4584$",10,0.01564367868339372
FeII-4585,Fe II,4585.122,2.807,5.511,0.0,3d6(3F2)4s-3d6(5D)4p,b4F-z4D0,9/2-7/2,,OP85,,4583.837,Fe II,"Fe II$\,\lambda4585$",10,1.0
FeII-4631,Fe II,4630.636,2.807,5.484,0.0,3d6(3F2)4s-3d6(5D)4p,b4F-z4F0,9/2-9/2,,OP85,,4629.339,Fe II,"Fe II$\,\lambda4631$",10,0.42265709586802963
NIII-4635,N III,4635.438,30.459,33.133,0.0,2s23p-2s23d,2P0-2D,1/2-3/2,,OC82,WR feature,4634.14,N III,"N III$\,\lambda4635$",18,1.0
NIII-4642,N III,4641.94,30.463,33.134,0.0,2s23p-2s23d,2P0-2D,3/2-5/2,,OC82,WR feature,4640.64,N III,"N III$\,\lambda4642$",18,1.0
NIII-4643,N III,4643.15,30.463,33.133,0.0,2s23p-2s23d,2P0-2D,3/2-3/2,,OC82,WR feature,4641.85,N III,"N III$\,\lambda4643$",18,1.0
CIII-4649,C III,4648.721,29.535,32.202,0.0,1s22s3s-1s22s3p,3S-3P0,1-2,,S99,WR feature,4647.42,C III,"C III$\,\lambda4649$",3,1.0
CIII-4652,C III,4651.552,29.535,32.2,0.0,1s22s3s-1s22s3p,3S-3P0,1-1,,S99,WR feature,4650.25,C III,"C III$\,\lambda4652$",3,1.0
CIII-4653,C III,4652.772,29.535,32.199,0.0,1s22s3s-1s22s3p,3S-3P0,1-0,,S99,WR feature,4651.47,C III,"C III$\,\lambda4653$",3,1.0
[FeIII]-4659,[Fe III],4659.354,0.0,2.661,0.0,3d6-3d6,5D-3F2,4-4,M1,S99,WR feature,4658.05,$[$Fe III$]$,"$[$Fe III$]\,\lambda4659$",34,1.0
HeII-4687,He II,4687.021,48.371,51.017,0.0,,,,,,,4685.71,He II,"He II$\,\lambda4687$",14,1.0
[ArIV]-4713,[Ar IV],4712.578,0.0,2.631,0.0,3s23p3-3s23p3,4S0-2D0,3/2-5/2,M1,,,4711.26,$[$Ar IV$]$,"$[$Ar IV$]\,\lambda4713$",31,1.0
[ArIV]-4741,[Ar IV],4741.446,0.0,2.615,0.0,3s23p3-3s23p3,4S0-2D0,3/2-3/2,M1,,,4740.12,$[$Ar IV$]$,"$[$Ar IV$]\,\lambda4741$",31,0.711654381393913
Hb,H I,4862.691,10.1988358,12.7485393,8419300.0,2-4,,,E1,NIST,,4861.3329792211,H I,"H I$\,\lambda4863$",58,0.3492647058823529
[FeVII]-4895,[Fe VII],4894.737,0.0,2.533,0.0,3p63d2-3p63d2,3F-3P,2-1,M1,R11,,4893.37,$[$Fe VII$]$,"$[$Fe VII$]\,\lambda4895$",40,0.7361025937326788
[FeIV]-4904,[Fe IV],4904.439,4.005,6.533,0.0,3d5-3d5,4G-4F,7/2-7/2,M1,R11,,4903.07,$[$Fe IV$]$,"$[$Fe IV$]\,\lambda4904$",0,0.0
FeII-4925,Fe II,4925.302,2.891,5.408,0.0,3d54s2-3d6(5D)4p,a6S-z6P0,5/2-3/2,,OP85,,4923.927,Fe II,"Fe II$\,\lambda4925$",9,0.018349941403668604
[OIII]-4960,[O III],4960.295,0.014,2.514,0.0,2s22p2-2s22p2,3P-1D,1-2,M1,,,4958.911,$[$O III$]$,"$[$O III$]\,\lambda4960$",51,0.3351241241660222
[OIII]-5008,[O III],5008.24,0.038,2.514,0.0,2s22p2-2s22p2,3P-1D,2-2,M1,,,5006.843,$[$O III$]$,"$[$O III$]\,\lambda5008$",51,1.0
FeII-5020,Fe II,5019.84,2.891,5.361,0.0,3d54s2-3d6(5D)4p,a6S-z6P0,5/2-5/2,,OP85,,5018.44,Fe II,"Fe II$\,\lambda5020$",9,0.035435877816415925
[FeIII]-5086,[Fe III],5086.187,0.127,2.565,0.0,3d6-3d6,5D-3P2,0-1,M1,I01,,5084.77,$[$Fe III$]$,"$[$Fe III$]\,\lambda5086$",34,0.022731687887477925
[FeVI]-5147,[Fe VI],5147.184,0.147,2.556,0.0,3d3-3d3,4F-2G,7/2-7/2,M1,R11,,5145.75,$[$Fe VI$]$,"$[$Fe VI$]\,\lambda5147$",41,1.0
[FeVII]-5160,[Fe VII],5160.327,0.131,2.533,0.0,3p63d2-3p63d2,3F-3P,3-1,E2,R11,,5158.89,$[$Fe VII$]$,"$[$Fe VII$]\,\lambda5160$",40,1.0
FeII-5170,Fe II,5170.473,2.891,5.289,0.0,3d54s2-3d6(5D)4p,a6S-z6P0,5/2-7/2,,OP85,,5169.033,Fe II,"Fe II$\,\lambda5170$",9,1.0
[FeVI]-5177,[Fe VI],5177.482,0.248,2.643,0.0,3d3-3d3,4F-2G,9/2-9/2,M1,R11,,5176.04,$[$Fe VI$]$,"$[$Fe VI$]\,\lambda5177$",41,0.8712292868760942
FeII-5199,Fe II,5199.024,3.23,5.615,0.0,3d6(3G)4s-3d6(5D)4p,a4G-z4F0,5/2-3/2,,OP85,,5197.577,Fe II,"Fe II$\,\lambda5199$",11,0.012941218638227671
[NI]-5202,[N I],5201.705,0.0,2.384,0.0,2s22p3-2s22p3,4S0-2D0,3/2-5/2,M1,,,5200.257,$[$N I$]$,"$[$N I$]\,\lambda5202$",46,1.0
FeII-5236,Fe II,5236.082,3.221,5.589,0.0,3d6(3G)4s-3d6(5D)4p,a4G-z4F0,7/2-5/2,,OP85,,5234.625,Fe II,"Fe II$\,\lambda5236$",11,0.023570927522842514
[FeIV]-5238,[Fe IV],5237.518,4.005,6.372,0.0,3d5-3d5,4G-2F2,5/2-7/2,M1,R11,,5236.06,$[$Fe IV$]$,"$[$Fe IV$]\,\lambda5238$",0,0.0
[FeIII]-5272,[Fe III],5271.867,0.054,2.406,0.0,3d6-3d6,5D-3P2,3-2,M1,I04,,5270.4,$[$Fe III$]$,"$[$Fe III$]\,\lambda5272$",34,7.922109768501473e-28
FeII-5277,Fe II,5277.47,3.199,5.549,0.0,3d6(3G)4s-3d6(5D)4p,a4G-z4F0,9/2-7/2,,OP85,,5276.002,Fe II,"Fe II$\,\lambda5277$",11,0.10934030931579723
[FeVII]-5278,[Fe VII],5277.848,0.289,2.638,0.0,3p63d2-3p63d2,3F-3P,4-2,E2,R11,,5276.38,$[$Fe VII$]$,"$[$Fe VII$]\,\lambda5278$",40,0.19023955654993854
[FeXIV]-5304,[Fe XIV],5304.335,0.0,2.337,0.0,3s23p-3s23p,2P0-2P0,1/2-3/2,M1,"FO87, K08",,5302.86,$[$Fe XIV$]$,"$[$Fe XIV$]\,\lambda5304$",0,0.0
[CaV]-5311,[Ca V],5310.587,0.0,2.335,0.0,3s23p4-3s23p4,3P-1D,2-2,M1,R11,,5309.11,$[$Ca V$]$,"$[$Ca V$]\,\lambda5311$",0,0.0
FeII-5318,Fe II,5318.094,3.153,5.484,0.0,3d6(3G)4s-3d6(5D)4p,a4G-z4F0,11/2-9/2,,OP85,,5316.615,Fe II,"Fe II$\,\lambda5318$",11,1.0
FeII-5318,Fe II,5318.263,3.221,5.553,0.0,3d6(3G)4s-3d6(5D)4p,a4G-z4D0,7/2-5/2,,OP85,,5316.784,Fe II,"Fe II$\,\lambda5318$",11,0.030788610946230904
[FeVI]-5337,[Fe VI],5336.664,0.0,2.323,0.0,3d3-3d3,4F-4P,3/2-1/2,M1,R11,,5335.18,$[$Fe VI$]$,"$[$Fe VI$]\,\lambda5337$",42,0.7498039456890614
[FeVI]-5426,[Fe VI],5425.728,0.063,2.349,0.0,3d3-3d3,4F-4P,5/2-3/2,M1,R11,,5424.22,$[$Fe VI$]$,"$[$Fe VI$]\,\lambda5426$",42,0.6030756697400989
[ClIII]-5519,[Cl III],5519.242,0.0,2.246,0.0,3s23p3-3s23p3,4S0-2D0,3/2-5/2,M1,"I04, T00",,5517.709,$[$Cl III$]$,"$[$Cl III$]\,\lambda5519$",33,1.0
[ClIII]-5539,[Cl III],5539.411,0.0,2.238,0.0,3s23p3-3s23p3,4S0-2D0,3/2-3/2,M1,"I04, T00",,5537.873,$[$Cl III$]$,"$[$Cl III$]\,\lambda5539$",33,0.7021955673114727
[OI]-5579,[O I],5578.887,1.9673642,4.1897463,1.26,2s22p4-2s22p4,1D-1S,2-0,E2,NIST,,5577.338246351693,$[$O I$]$,"$[$O I$]\,\lambda5579$",0,0.0
[FeVI]-5639,[Fe VI],5639.165,3.532,5.73,0.0,3d3-3d3,2D2-2F,5/2-7/2,M1,I01,,5637.6,$[$Fe VI$]$,"$[$Fe VI$]\,\lambda5639$",0,0.0
[FeVI]-5679,[Fe VI],5678.575,0.248,2.431,0.0,3d3-3d3,4F-4P,9/2-5/2,E2,I01,,5677.0,$[$Fe VI$]$,"$[$Fe VI$]\,\lambda5679$",42,1.0
CIII-5698,C III,5697.5,32.103,34.28,0.0,1s22s3p-1s22s3d,1P0-1D,1-2,,S99,WR feature,5695.92,C III,"C III$\,\lambda5698$",0,0.0
[FeVII]-5722,[Fe VII],5722.287,0.0,2.167,0.0,3p63d2-3p63d2,3F-1D,2-2,M1,"FO87, R11",,5720.7,$[$Fe VII$]$,"$[$Fe VII$]\,\lambda5722$",39,0.6690126277820755
[NII]-5756,[N II],5756.186,1.899,4.053,0.0,2s22p2-2s22p2,1D-1S,2-0,E2,T00,,5754.59,$[$N II$]$,"$[$N II$]\,\lambda5756$",0,0.0
CIV-5803,C IV,5802.939,37.549,39.685,0.0,1s23s-1s23p,2S-2P0,1/2-3/2,,S99,WR feature,5801.33,C IV,"C IV$\,\lambda5803$",6,1.0
CIV-5814,C IV,5813.592,37.549,39.681,0.0,1s23s-1s23p,2S-2P0,1/2-1/2,,S99,WR feature,5811.98,C IV,"C IV$\,\lambda5814$",6,1.0
HeI-5877,He I,5877.253,20.964,23.073,0.0,1s2p-1s3d,3P0-3D,,,,,5875.624,He I,"He I$\,\lambda5877$",0,0.0
NaI-5892,Na I,5891.583,0.0,2.104429202,61600000.0,2p63s-2p63p,2S-2P*,1/2-3/2,E1,NIST,,5889.950853705716,Na I,"Na I$\,\lambda5892$",21,1.0
NaI-5898,Na I,5897.558,0.0,2.102297177,61400000.0,2p63s-2p63p,2S-2P*,1/2-1/2,E1,NIST,,5895.924147668731,Na I,"Na I$\,\lambda5898$",21,1.0
OI-6048,O I,6048.114,10.989,13.039,0.0,2s22p3(4S0)3p-2s22p3(4S0)6s,3P-3S0,2-1,,I01,,6046.44,O I,"O I$\,\lambda6048$",0,0.0
[FeVII]-6089,[Fe VII],6088.685,0.13,2.167,0.0,3p63d2-3p63d2,3F-1D,3-2,M1,"FO87, R11",,6087.0,$[$Fe VII$]$,"$[$Fe VII$]\,\lambda6089$",39,1.0
[OI]-6302,[O I],6302.046,0.0,1.967,0.0,2s22p4-2s22p4,3P-1D,2-2,M1,,,6300.304,$[$O I$]$,"$[$O I$]\,\lambda6302$",54,1.0
[SIII]-6314,[S III],6313.806,1.404,3.368,0.0,3s23p2-3s23p2,1D-1S,2-0,E2,R11,,6312.06,$[$S III$]$,"$[$S III$]\,\lambda6314$",0,0.0
SiII-6349,Si II,6348.855,8.121,10.074,0.0,3s24s-3s24p,2S-2P0,1/2-3/2,,I04,,6347.1,Si II,"Si II$\,\lambda6349$",0,0.0
[OI]-6366,[O I],6365.535,0.02,1.967,0.0,2s22p4-2s22p4,3P-1D,1-2,M1,,,6363.776,$[$O I$]$,"$[$O I$]\,\lambda6366$",54,0.3193802016054863
FeII-6371,Fe II,6371.223,2.891,4.837,0.0,3d54s2-3d6(5D)4p,a6S-z6D0,5/2-3/2,,OP85,,6369.462,Fe II,"Fe II$\,\lambda6371$",9,4.01670141334599e-05
[FeX]-6376,[Fe X],6376.272,0.0,1.944,0.0,3s23p5-3s23p5,2P0-2P0,3/2-1/2,M1,"FO87, R11, K08",,6374.51,$[$Fe X$]$,"$[$Fe X$]\,\lambda6376$",0,0.0
FeII-6518,Fe II,6517.881,2.891,4.793,0.0,3d54s2-3d6(5D)4p,a6S-z6D0,5/2-7/2,,OP85,,6516.081,Fe II,"Fe II$\,\lambda6518$",9,0.0038098076337135657
[NII]-6550,[N II],6549.859,0.006,1.899,0.0,2s22p2-2s22p2,3P-1D,1-2,M1,,,6548.05,$[$N II$]$,"$[$N II$]\,\lambda6550$",45,0.33988536441357875
Ha,H I,6564.632,10.1988358,12.0875052,44101000.0,2-3,,,E1,NIST,,6562.8190148899275,H I,"H I$\,\lambda6565$",58,1.0
[NII]-6585,[N II],6585.279,0.016,1.899,0.0,2s22p2-2s22p2,3P-1D,2-2,M1,,,6583.46,$[$N II$]$,"$[$N II$]\,\lambda6585$",45,1.0
HeI-6680,He I,6679.996,21.2180227112,23.07407479777,63705000.0,1s2p-1s3d,1P*-1D,1-2,E1,NIST,,6678.151639156857,He I,"He I$\,\lambda6680$",0,0.0
[SII]-6718,[S II],6718.294,0.0,1.845,0.0,3s23p3-3s23p3,4S0-2D0,3/2-5/2,M1,,,6716.44,$[$S II$]$,"$[$S II$]\,\lambda6718$",57,1.0
[SII]-6733,[S II],6732.668,0.0,1.842,0.0,3s23p3-3s23p3,4S0-2D0,3/2-3/2,M1,,,6730.81,$[$S II$]$,"$[$S II$]\,\lambda6733$",57,0.7401278478919212
OI-7004,O I,7004.161,10.989,12.759,0.0,2s22p3(4S0)3p-2s22p3(4S0)4d,3P-3D0,2-3,,I01,,7002.23,O I,"O I$\,\lambda7004$",0,0.0
[ArV]-7008,[Ar V],7007.802,0.252,2.021,0.0,3s23p2-3s23p2,3P-1D,2-2,M1,"A92, I04",,7005.87,$[$Ar V$]$,"$[$Ar V$]\,\lambda7008$",0,0.0
HeI-7067,He I,7067.144,20.964,22.718,0.0,1s2p-1s3s,3P0-3S,,,,,7065.196,He I,"He I$\,\lambda7067$",0,0.0
[ArIII]-7138,[Ar III],7137.757,0.0,1.737,0.0,3s23p4-3s23p4,3P-1D,2-2,M1,R11,,7135.79,$[$Ar III$]$,"$[$Ar III$]\,\lambda7138$",29,1.0
[FeII]-7157,[Fe II],7157.129,0.232,1.965,0.0,3p63d7-3p63d7,a4F-a2G,9/2-9/2,M1,OF96,,7155.157,$[$Fe II$]$,"$[$Fe II$]\,\lambda7157$",36,1.0
[ArIV]-7173,[Ar IV],7172.597,2.615,4.343,0.0,3s23p3-3s23p3,2D0-2P0,3/2-3/2,M1,I04,,7170.62,$[$Ar IV$]$,"$[$Ar IV$]\,\lambda7173$",30,1.0
[FeII]-7174,[Fe II],7173.977,0.301,2.03,0.0,3p63d7-3p63d7,a4F-a2G,7/2-7/2,M1,OF96,,7172.0,$[$Fe II$]$,"$[$Fe II$]\,\lambda7174$",36,0.08479444181431471
CII-7238,C II,7238.414,16.333,18.046,0.0,2s23p-2s23d,2P0-2D,3/2-5/2,,O90,,7236.42,C II,"C II$\,\lambda7238$",0,0.0
[ArIV]-7239,[Ar IV],7239.255,2.631,4.343,0.0,3s23p3-3s23p3,2D0-2P0,5/2-3/2,M1,I04,,7237.26,$[$Ar IV$]$,"$[$Ar IV$]\,\lambda7239$",30,0.7417187103272145
OI-7256,O I,7256.447,10.989,12.697,0.0,2s22p3(4S0)3p-2s22p3(4S0)5s,3P-3S0,2-1,,O90,,7254.448,O I,"O I$\,\lambda7256$",0,0.0
[ArIV]-7265,[Ar IV],7264.761,2.615,4.321,0.0,3s23p3-3s23p3,2D0-2P0,3/2-1/2,M1,I04,,7262.76,$[$Ar IV$]$,"$[$Ar IV$]\,\lambda7265$",30,0.8535202444447542
HeI-7283,He I,7283.355,21.218,22.92,0.0,1s2p-1s3s,1P0-1S,1-0,,O90,,7281.349,He I,"He I$\,\lambda7283$",0,0.0
[OII]-7322,[O II],7322.007,3.324,5.017,0.0,2s22p3-2s22p3,2D0-2P0,5/2-3/2,M1,FO87,,7319.99,$[$O II$]$,"$[$O II$]\,\lambda7322$",52,1.0
[OII]-7333,[O II],7332.75,3.327,5.017,0.0,2s22p3-2s22p3,2D0-2P0,3/2-3/2,M1,FO87,,7330.73,$[$O II$]$,"$[$O II$]\,\lambda7333$",52,0.524017058596109
[NiII]-7380,[Ni II],7379.862,0.0,1.68,0.0,3p63d9-3p63d8(3F)4s,2D-2F,5/2-7/2,M1,A92,,7377.83,$[$Ni II$]$,"$[$Ni II$]\,\lambda7380$",50,1.0
[NiII]-7413,[Ni II],7413.201,0.187,1.86,0.0,3p63d9-3p63d8(3F)4s,2D-2F,3/2-5/2,M1,O90,,7411.16,$[$Ni II$]$,"$[$Ni II$]\,\lambda7413$",50,1.0
[FeII]-7455,[Fe II],7454.591,0.301,1.964,0.0,3p63d7-3p63d7,a4F-a4G,7/2-9/2,M1,O90,,7452.538,$[$Fe II$]$,"$[$Fe II$]\,\lambda7455$",37,0.40143255781822784
NI-7470,N I,7470.367,10.336,11.996,0.0,2s22p2(3P)3s-2s22p2(3P)3p,4P-4S0,5/2-3/2,,O90,,7468.31,N I,"N I$\,\lambda7470$",16,1.0
[SXII]-7613,[S XII],7613.095,0.0,1.629,0.0,2s22p-2s22p,2Po-2Po,1/2-3/2,M1,W11,,7611.0,$[$S XII$]$,"$[$S XII$]\,\lambda7613$",0,0.0
[ArIII]-7753,[Ar III],7753.193,0.138,1.737,0.0,3s23p4-3s23p4,3P-1D,1-2,M1,A92,,7751.06,$[$Ar III$]$,"$[$Ar III$]\,\lambda7753$",29,0.2412952097455411
OI-7778,O I,7777.527,9.1460911,10.740225,36900000.0,2s22p3(4S*)3s-2s22p3(4S*)3p,5S*-5P,2-1,E1,NIST,,7775.3872695229675,O I,"O I$\,\lambda7778$",0,0.0
HeI-7818,He I,7818.287,22.718,24.304,0.0,1s3s-1s7p,3S-3P0,,,O90,,7816.136,He I,"He I$\,\lambda7818$",0,0.0
ArI-7870,Ar I,7870.359,13.273,14.848,0.0,3s23p5(2P03/2)4p-3s23p5(2P03/2)6s,2[1/2]-2[3/2]0,0-1,,R11,,7868.194,Ar I,"Ar I$\,\lambda7870$",0,0.0
[NiIII]-7892,[Ni III],7892.071,0.169,1.74,0.0,3p63d8-3p63d8,3F-1D,3-2,M1,VB01,,7889.9,$[$Ni III$]$,"$[$Ni III$]\,\lambda7892$",0,0.0
[FeXI]-7894,[Fe XI],7893.971,0.0,1.571,0.0,3s23p4-3s23p4,3P-3P,2-1,M1,"FO87, R11,K08",,7891.8,$[$Fe XI$]$,"$[$Fe XI$]\,\lambda7894$",0,0.0
OI-7989,O I,7989.174,10.9887923,12.5406949,41900.0,2s22p3(4S*)3p-2s22p3(2D*)3s,3P-3D*,1-2,E1,NIST,,7986.97712858639,O I,"O I$\,\lambda7989$",0,0.0
HeII-8239,He II,8239.054,52.241,53.746,0.0,,,,,OF96,,8236.79,He II,"He II$\,\lambda8239$",14,1.0
Pa40,H I,8252.242,12.0875052,13.58993566,0.0,3-40,,,E1,NIST,,8249.974064399621,H I,"H I$\,\lambda8252$",58,0.00011204751131221718
Pa39,H I,8254.667,12.0875052,13.58949423,0.0,3-39,,,E1,NIST,,8252.398409123329,H I,"H I$\,\lambda8255$",58,0.00011942873303167422
Pa38,H I,8257.288,12.0875052,13.5890175,0.0,3-38,,,E1,NIST,,8255.01870088061,H I,"H I$\,\lambda8257$",58,0.00012765837104072397
Pa37,H I,8260.126,12.0875052,13.58850159,0.0,3-37,,,E1,NIST,,8257.855933995921,H I,"H I$\,\lambda8260$",58,0.00013679298642533936
Pa36,H I,8263.206,12.0875052,13.58794208,0.0,3-36,,,E1,NIST,,8260.935101712616,H I,"H I$\,\lambda8263$",58,0.00014700226244343892
Pa35,H I,8266.557,12.0875052,13.58733395,0.0,3-35,,,E1,NIST,,8264.285196192874,H I,"H I$\,\lambda8267$",58,0.00015845588235294117
Pa34,H I,8270.21,12.0875052,13.58667137,0.0,3-34,,,E1,NIST,,8267.937209058071,H I,"H I$\,\lambda8270$",58,0.00017138009049773756
Pa33,H I,8274.205,12.0875052,13.58594765,0.0,3-33,,,E1,NIST,,8271.93112949712,H I,"H I$\,\lambda8274$",58,0.00018597285067873304
Pa32,H I,8278.584,12.0875052,13.58515502,0.0,3-32,,,E1,NIST,,8276.308946157902,H I,"H I$\,\lambda8279$",58,0.00020254524886877828
Pa31,H I,8283.399,12.0875052,13.58428445,0.0,3-31,,,E1,NIST,,8281.1226449853,H I,"H I$\,\lambda8283$",58,0.00022138009049773756
Pa30,H I,8288.71,12.0875052,13.58332538,0.0,3-30,,,E1,NIST,,8286.432209761415,H I,"H I$\,\lambda8289$",58,0.0002429581447963801
Pa29,H I,8294.588,12.0875052,13.58226541,0.0,3-29,,,E1,NIST,,8292.308621294578,H I,"H I$\,\lambda8295$",58,0.00026770361990950225
Pa28,H I,8301.116,12.0875052,13.58108984,0.0,3-28,,,E1,NIST,,8298.834857148715,H I,"H I$\,\lambda8301$",58,0.00029609728506787327
Pa27,H I,8308.395,12.0875052,13.57978125,0.0,3-27,,,E1,NIST,,8306.111890021375,H I,"H I$\,\lambda8308$",58,0.0003291855203619909
Pa26,H I,8316.546,12.0875052,13.57831878,0.0,3-26,,,E1,NIST,,8314.260687202486,H I,"H I$\,\lambda8317$",58,0.0003676470588235294
Pa25,H I,8325.713,12.0875052,13.57667733,0.0,3-25,,,E1,NIST,,8323.425209762616,H I,"H I$\,\lambda8326$",58,0.0004126131221719457
Pa24,H I,8336.074,12.0875052,13.57482645,0.0,3-24,,,E1,NIST,,8333.783409578771,H I,"H I$\,\lambda8336$",58,0.00046521493212669683
Pa23,H I,8347.846,12.0875052,13.57272894,0.0,3-23,,,E1,NIST,,8345.552227981074,H I,"H I$\,\lambda8348$",58,0.0005277149321266969
Pa22,H I,8361.301,12.0875052,13.57033894,0.0,3-22,,,E1,NIST,,8359.003591425602,H I,"H I$\,\lambda8361$",58,0.0006020927601809956
Pa21,H I,8376.777,12.0875052,13.56759946,0.0,3-21,,,E1,NIST,,8374.475408517144,H I,"H I$\,\lambda8377$",58,0.0006914592760180995
Pa20,H I,8394.703,12.0875052,13.56443886,1516.7,3-20,,,E1,NIST,,8392.396563245888,H I,"H I$\,\lambda8395$",58,0.0007997737556561086
Pa19,H I,8415.63,12.0875052,13.56076619,1964.3,3-19,,,E1,NIST,,8413.317906598848,H I,"H I$\,\lambda8416$",58,0.0009318422574123774
Pa18,H I,8440.274,12.0875052,13.55646454,2580.4,3-18,,,E1,NIST,,8437.955244922085,H I,"H I$\,\lambda8440$",58,0.0010953054298642533
OI-8449,O I,8448.68,9.521,10.989,0.0,2s22p3(4S0)3s-2s22p3(4S0)3p,3S0-3P,1-2,,P88,,8446.359,O I,"O I$\,\lambda8449$",0,0.0
Pa17,H I,8469.581,12.0875052,13.55138166,3444.2,3-17,,,E1,NIST,,8467.25432232682,H I,"H I$\,\lambda8470$",58,0.0012994909502262444
CaII-8500,Ca II,8500.355,1.692,3.151,0.0,3p63d-3p64p,2D-2P0,3/2-3/2,,P88,,8498.02,Ca II,"Ca II$\,\lambda8500$",7,1.0
Pa16,H I,8504.819,12.0875052,13.54531624,4680.1,3-16,,,E1,NIST,,8502.482795781107,H I,"H I$\,\lambda8505$",58,0.0015579751131221719
CaII-8544,Ca II,8544.437,1.7,3.151,0.0,3p63d-3p64p,2D-2P0,5/2-3/2,,P88,,8542.09,Ca II,"Ca II$\,\lambda8544$",7,1.0
Pa15,H I,8547.731,12.0875052,13.53799772,6490.1,3-15,,,E1,NIST,,8545.383193683076,H I,"H I$\,\lambda8548$",58,0.001890837104072398
[ClII]-8581,[Cl II],8581.057,0.0,1.445,0.0,3s23p4-3s23p4,3P-1D,2-2,M1,OF96,,8578.7,$[$Cl II$]$,"$[$Cl II$]\,\lambda8581$",0,0.0
Pa14,H I,8600.754,12.0875052,13.52905552,9211.7,3-14,,,E1,NIST,,8598.391856540049,H I,"H I$\,\lambda8601$",58,0.0023260746606334837
[FeII]-8619,[Fe II],8619.317,0.232,1.671,0.0,3p63d7-3p63d7,a4F-a4P,9/2-5/2,E2,OF96,,8616.95,$[$Fe II$]$,"$[$Fe II$]\,\lambda8619$",37,1.0
CaII-8665,Ca II,8664.519,1.692,3.123,0.0,3p63d-3p64p,2D-2P0,3/2-1/2,,P88,,8662.14,Ca II,"Ca II$\,\lambda8665$",7,1.0
Pa13,H I,8667.398,12.0875052,13.51797128,13431.0,3-13,,,E1,NIST,,8665.01783429231,H I,"H I$\,\lambda8667$",58,0.0029072398190045246
NI-8683,N I,8682.666,10.336,11.764,0.0,2s22p2(3P)3s-2s22p2(3P)3p,4P-4D0,5/2-7/2,,O90,,8680.282,N I,"N I$\,\lambda8683$",16,1.0
NI-8706,N I,8705.638,10.326,11.75,0.0,2s22p2(3P)3s-2s22p2(3P)3p,4P-4D0,1/2-1/2,,O90,,8703.247,N I,"N I$\,\lambda8706$",16,1.0
NI-8714,N I,8714.096,10.33,11.753,0.0,2s22p2(3P)3s-2s22p2(3P)3p,4P-4D0,3/2-3/2,,O90,,8711.703,N I,"N I$\,\lambda8714$",16,1.0
Pa12,H I,8752.876,12.0875052,13.50400193,20207.0,3-12,,,E1,NIST,,8750.47271557575,H I,"H I$\,\lambda8753$",58,0.0037019230769230766
Pa11,H I,8865.216,12.0875052,13.48605194,31558.0,3-11,,,E1,NIST,,8862.782326239552,H I,"H I$\,\lambda8865$",58,0.004816176470588235
[FeII]-8894,[Fe II],8894.352,0.301,1.695,0.0,3p63d7-3p63d7,a4F-a4P,7/2-3/2,E2,O90,,8891.91,$[$Fe II$]$,"$[$Fe II$]\,\lambda8894$",37,0.36205871908329673
Pa10,H I,9017.384,12.0875052,13.46245155,51558.0,3-10,,,E1,NIST,,9014.909153531247,H I,"H I$\,\lambda9017$",58,0.006436651583710407
[SIII]-9071,[S III],9071.089,0.037,1.404,0.0,3s23p2-3s23p2,3P-1D,1-2,M1,OF96,,9068.6,$[$S III$]$,"$[$S III$]\,\lambda9071$",55,0.4050515831364721
Pa9,H I,9231.546,12.0875052,13.43055424,89050.0,3-9,,,E1,NIST,,9229.01318950036,H I,"H I$\,\lambda9232$",58,0.0088829185520362
[SIII]-9534,[S III],9533.715,0.103,1.404,0.0,3s23p2-3s23p2,3P-1D,2-2,M1,,,9531.1,$[$S III$]$,"$[$S III$]\,\lambda9534$",55,1.0
PaE,H I,9548.588,12.0875052,13.38596103,165060.0,3-8,,,E1,NIST,,9545.96934599338,H I,"H I$\,\lambda9549$",58,0.012771493212669682
[CI]-9827,[C I],9826.824,0.002,1.264,0.0,2s22p2-2s22p2,3P-1D,1-2,M1,OF96,,9824.13,$[$C I$]$,"$[$C I$]\,\lambda9827$",32,0.3354934667095299
[CI]-9853,[C I],9852.961,0.005,1.264,0.0,2s22p2-2s22p2,3P-1D,2-2,M1,OF96,,9850.26,$[$C I$]$,"$[$C I$]\,\lambda9853$",32,1.0
[SVIII]-9916,[S VIII],9915.718,0.0,1.25,0.0,2s22p5-2s22p5,2P0-2P0,3/2-1/2,M1,OF96,,9913.0,$[$S VIII$]$,"$[$S VIII$]\,\lambda9916$",0,0.0
HeI-10030,He I,10030.479,23.074,24.31,0.0,1s3d-1s7f,3D-3F0,,,OF96,,10027.73,He I,"He I$\,\lambda10030$",0,0.0
HeI-10034,He I,10033.91,23.074,24.31,0.0,1s3d-1s7f,1D-1F0,2-3,,O90,,10031.16,He I,"He I$\,\lambda10034$",0,0.0
PaD,H I,10052.123,12.0875052,13.32091817,335850.0,3-7,,,E1,NIST,,10049.367931363788,H I,"H I$\,\lambda10052$",58,0.019369343891402713
[SII]-10290,[S II],10289.549,1.842,3.046,0.0,3s23p3-3s23p3,2D0-2P0,4-4,M1,OF96,,10286.73,$[$S II$]$,"$[$S II$]\,\lambda10290$",56,0.7646153787617239
[SII]-10323,[S II],10323.319,1.845,3.046,0.0,3s23p3-3s23p3,2D0-2P0,6-4,M1,OF96,,10320.49,$[$S II$]$,"$[$S II$]\,\lambda10323$",56,1.0
[SII]-10339,[S II],10339.243,1.842,3.041,0.0,3s23p3-3s23p3,2D0-2P0,4-2,M1,O90,,10336.41,$[$S II$]$,"$[$S II$]\,\lambda10339$",56,0.7520458577959026
[FeXIII]-10750,[Fe XIII],10749.744,0.0,1.153,0.0,3s23p2-3s23p2,3P-3P,0-1,M1,,,10746.8,$[$Fe XIII$]$,"$[$Fe XIII$]\,\lambda10750$",0,0.0
HeI-10832,He I,10832.057,19.819614525,20.96421885051,10216000.0,1s2s-1s2p,3S-3P*,1-0,E1,NIST,,10829.090963161289,He I,"He I$\,\lambda10832$",13,1.0
HeI-10833,He I,10833.307,19.82,20.964,0.0,1s2s-1s2p,3S-3P0,1-2,,OF96,,10830.34,He I,"He I$\,\lambda10833$",13,1.0
PaG,H I,10941.082,12.0875052,13.22070389,778290.0,3-6,,,E1,NIST,,10938.085910175729,H I,"H I$\,\lambda10941$",58,0.0315893665158371
OI-11290,O I,11290.005,10.9888616,12.0870382,30900000.0,2s22p3(4S*)3p-2s22p3(4S*)3d,3P-3D*,2-3,E1,NIST,,11286.91425185982,O I,"O I$\,\lambda11290$",0,0.0
PaB,H I,12821.576,12.0875052,13.0545017,2200800.0,3-5,,,E1,NIST,,12818.069467120406,H I,"H I$\,\lambda12822$",58,0.05701357466063348
OI-13168,O I,13168.459,10.9888616,11.9303856,11900000.0,2s22p3(4S*)3p-2s22p3(4S*)4s,3P-3S*,2-1,E1,NIST,,13164.858242596272,O I,"O I$\,\lambda13168$",0,0.0
Br20,H I,15196.013,12.7485393,13.56443886,1178.4,4-20,,,E1,NIST,,15191.861198816358,H I,"H I$\,\lambda15196$",58,0.00039225113122171945
Br19,H I,15264.725,12.7485393,13.56076619,1528.9,4-19,,,E1,NIST,,15260.554517037723,H I,"H I$\,\lambda15265$",58,0.00045729638009049775
Br18,H I,15345.999,12.7485393,13.55646454,2012.8,4-18,,,E1,NIST,,15341.806419301045,H I,"H I$\,\lambda15346$",58,0.00053789592760181
Br17,H I,15443.156,12.7485393,13.55138166,2693.5,4-17,,,E1,NIST,,15438.937002357,H I,"H I$\,\lambda15443$",58,0.0006385746606334842
Br16,H I,15560.716,12.7485393,13.54531624,3671.4,4-16,,,E1,NIST,,15556.465036776433,H I,"H I$\,\lambda15561$",58,0.0007664027149321266
Br15,H I,15704.969,12.7485393,13.53799772,5110.6,4-15,,,E1,NIST,,15700.678811574362,H I,"H I$\,\lambda15705$",58,0.0009307126696832578
Br14,H I,15884.898,12.7485393,13.52905552,7287.9,4-14,,,E1,NIST,,15880.55888302523,H I,"H I$\,\lambda15885$",58,0.001146210407239819
Br13,H I,16113.731,12.7485393,13.51797128,10689.0,4-13,,,E1,NIST,,16109.329652254162,H I,"H I$\,\lambda16114$",58,0.001434389140271493
Br12,H I,16411.692,12.7485393,13.50400193,16205.0,4-12,,,E1,NIST,,16407.209616402488,H I,"H I$\,\lambda16412$",58,0.0018289027149321266
Br11,H I,16811.129,12.7485393,13.48605194,25565.0,4-11,,,E1,NIST,,16806.537972557617,H I,"H I$\,\lambda16811$",58,0.00238433257918552
Br10,H I,17366.868,12.7485393,13.46245155,42347.0,4-10,,,E1,NIST,,17362.125798492103,H I,"H I$\,\lambda17367$",58,0.0031928733031674206
BrE,H I,18179.104,12.7485393,13.43055424,74593.0,4-9,,,E1,NIST,,18174.14081864415,H I,"H I$\,\lambda18179$",58,0.00442024886877828
PaA,H I,18756.096,12.0875052,12.7485393,8986000.0,3-4,,,E1,NIST,,18750.975819090214,H I,"H I$\,\lambda18756$",58,0.11826923076923077
BrD,H I,19450.89,12.7485393,13.38596103,142420.0,4-8,,,E1,NIST,,19445.58074492688,H I,"H I$\,\lambda19451$",58,0.006377262443438913
BrG,H I,21661.21,12.7485393,13.32091817,304150.0,4-7,,,E1,NIST,,21655.299125042606,H I,"H I$\,\lambda21661$",58,0.009714366515837104
Pf20,H I,24313.62,13.0545017,13.56443886,975.11,5-20,,,E1,NIST,,24306.98697941394,H I,"H I$\,\lambda24314$",58,0.00022539592760180996
Pf19,H I,24490.0,13.0545017,13.56076619,1268.3,5-19,,,E1,NIST,,24483.31895219153,H I,"H I$\,\lambda24490$",58,0.0002630090497737557
Pf18,H I,24699.88,13.0545017,13.55646454,1674.7,5-18,,,E1,NIST,,24693.14180226868,H I,"H I$\,\lambda24700$",58,0.0003093891402714932
Pf17,H I,24952.545,13.0545017,13.55138166,2249.0,5-17,,,E1,NIST,,24945.738000878064,H I,"H I$\,\lambda24953$",58,0.0003676470588235294
Pf16,H I,25260.91,13.0545017,13.54531624,3078.8,5-16,,,E1,NIST,,25254.019030507377,H I,"H I$\,\lambda25261$",58,0.0004417420814479638
Pf15,H I,25643.27,13.0545017,13.53799772,4308.4,5-15,,,E1,NIST,,25636.274908160023,H I,"H I$\,\lambda25643$",58,0.0005370475113122172
Pf14,H I,26126.48,13.0545017,13.52905552,6184.8,5-14,,,E1,NIST,,26119.35331904047,H I,"H I$\,\lambda26126$",58,0.0006620475113122172
BrB,H I,26258.68,12.7485393,13.22070389,771100.0,4-6,,,E1,NIST,,26251.517317248457,H I,"H I$\,\lambda26259$",58,0.015879524886877827
Pf13,H I,26751.31,13.0545017,13.51797128,9148.1,5-13,,,E1,NIST,,26744.013157608813,H I,"H I$\,\lambda26751$",58,0.0008294683257918552
Pf12,H I,27582.68,13.0545017,13.50400193,14024.0,5-12,,,E1,NIST,,27575.156738978803,H I,"H I$\,\lambda27583$",58,0.0010591063348416288
Pf11,H I,28729.96,13.0545017,13.48605194,22460.0,5-11,,,E1,NIST,,28722.12426767189,H I,"H I$\,\lambda28730$",58,0.001382918552036199
PfE,H I,30392.02,13.0545017,13.46245155,37999.0,5-10,,,E1,NIST,,30383.731561896962,H I,"H I$\,\lambda30392$",58,0.0018557692307692305
PfD,H I,32969.91,13.0545017,13.43055424,69078.0,5-9,,,E1,NIST,,32960.919347350704,H I,"H I$\,\lambda32970$",58,0.002574660633484163
PfG,H I,37405.55,13.0545017,13.38596103,138770.0,5-8,,,E1,NIST,,37395.350956150425,H I,"H I$\,\lambda37406$",58,0.0037217194570135746
BrA,H I,40522.69,12.7485393,13.0545017,2699300.0,4-5,,,E1,NIST,,40511.641688569835,H I,"H I$\,\lambda40523$",58,0.02801470588235294
PfB,H I,46537.74,13.0545017,13.32091817,325280.0,5-7,,,E1,NIST,,46525.05276340322,H I,"H I$\,\lambda46538$",58,0.005656108597285068
PfA,H I,74598.4,13.0545017,13.22070389,1025400.0,5-6,,,E1,NIST,,74578.06601318033,H I,"H I$\,\lambda74598$",58,0.008914027149321267
